Workbook
Name Base_Sec: 'Frame Sections'!$A$20:$A$1019
Name Blank: ListDB!$FB$2:$FB$1001
Name Elastic_Mat_Name: ListDB!$K$2:$K$1001
Name Ele_Type: ListDB!$P$2:$P$1001
Name Element_ID: 'Element Objects'!$A$16:$A$1048576
Name Int_Type: ListDB!$M$2:$M$1001
Name Int_Type_Con: ListDB!$O$2:$O$1001
Name Int_Type_Dist: ListDB!$N$2:$N$1001
Name LC_Type: ListDB!$U$2:$U$1001
Name Mat_Concrete: ListDB!$I$2:$I$1001
Name Mat_Model_Agg: ListDB!$F$2:$F$1001
Name Mat_Model_Concrete: ListDB!$C$2:$C$1001
Name Mat_Model_Hysteretic: ListDB!$E$2:$E$1001
Name Mat_Model_Steel: ListDB!$D$2:$D$1001
Name Mat_Name: ListDB!$H$2:$H$1001
Name Mat_Steel: ListDB!$J$2:$J$1001
Name Mat_Type: ListDB!$B$2:$B$1001
Name NL_Mat_Name: ListDB!$L$2:$L$1001
Name Node_ID: 'Node Objects'!$A$8:$A$1048576
Name Sec_Model: ListDB!$R$2:$R$1001
Name Sec_Name: ListDB!$T$2:$T$1001
Name Sec_name_wo_agg: ListDB!$S$2:$S$1001
Name Sec_Shape: ListDB!$Q$2:$Q$1001
Name SecDB: 'Frame Sections'!$A$20:$V$1019
Name SecFiberDB: #REF!
Name Shell_ID: 'Shell Objects'!$A$11:$A$1048576
Name Slab_Sec: 'Slab Sections'!$A$7:$A$1006
Name Spring_Mat_Name: ListDB!$G$2:$G$1048576
Name Unit_Angle: ListDB!$AA$2:$AA$3
Name Unit_Force: ListDB!$V$2:$V$8
Name Unit_Length: ListDB!$W$2:$W$6
Name Unit_Mass: ListDB!$X$2:$X$6
Name Unit_Stress: ListDB!$Y$2:$Y$9
Name Unit_Time: ListDB!$Z$2:$Z$3

Sheet Design Preferences
A1: Parameter | B1: Value
A2: Project Name | B2: 4-Storeys Building
A3: Project Description | B3: Structural analysis of 4-Storeys building
A4: Default Units | B4: SI (N-m)

Sheet ListDB
A1: Plasticity Model | B1: Material Type | C1: Material Model Concrete | D1: Material Model Steel | E1: Material Model Hysteretic | F1: Material Model Aggregator | G1: Spring Material Name | H1: Material Name | I1: Material Concrete | J1: Material Steel/Rebar | K1: Elastic Material Name | L1: NL Material Name | M1: Integration Type | N1: Integration Type for Distributed Plasticity | O1: Integration Type for Concentrated Plasticity | P1: Element Type | Q1: Section Shape | R1: Section Model | S1: Section Name without Section Aggregator | T1: Section Name | U1: Load Case Type | V1: Unit of Force | W1: Unit of Length | X1: Unit of Mass | Y1: Unit of Stress | Z1: Unit of Time | AA1: Unit of Angle
A2: Concentrated Plasticity (with Zero length element) | B2: Concrete | C2: Elastic | D2: Elastic | E2: IMKBilinear | F2: Axial | G2: {=_xlfn._xlws.FILTER(Materials!A33:A1032,(Materials!B33:B1032="Spring")*(Materials!A33:A1032<>""))} -> Rotational Spring | H2: {=_xlfn._xlws.FILTER(Materials!A33:A1032,((Materials!C33:C1032="Elastic")+(Materials!C33:C1032="Concrete04")+(Materials!C33:C1032="Concrete04+MinMax")+(Materials!C33:C1032="Steel02")+(Materials!C33:C1032="Steel02+MinMax")+(Materials!C33:C1032="Axial")+(Materials!C33:C1032="FlexuralZ")+(Materials!C33:C1032="ShearY")+(Materials!C33:C1032="FlexuralY")+(Materials!C33:C1032="ShearZ")+(Materials!C33:C1032="Torsional"))*(Materials!A33:A1032<>""))} -> RC30 | I2: {=_xlfn._xlws.FILTER(Materials!A33:A1032,(Materials!B33:B1032="Concrete")*(Materials!A33:A1032<>""))} -> RC30 | J2: {=_xlfn._xlws.FILTER(Materials!A33:A1032,((Materials!B33:B1032="Rebar")+(Materials!B33:B1032="Steel"))*(Materials!A33:A1032<>""))} -> Rebar420 | K2: {=_xlfn._xlws.FILTER(Materials!A33:A1032,(Materials!C33:C1032="Elastic")*(Materials!A33:A1032<>""))} -> RC30 | L2: {=_xlfn._xlws.FILTER(Materials!A33:A1032,((Materials!C33:C1032="Concrete04")+(Materials!C33:C1032="Concrete04+MinMax")+(Materials!C33:C1032="Steel02")+(Materials!C33:C1032="Steel02+MinMax"))*(Materials!A33:A1032<>""))} -> RC Unconfined | M2: {=_xlfn.VSTACK( _xlfn._xlws.FILTER(N2:N1001,N2:N1001<>""), _xlfn._xlws.FILTER(O2:O1001,N2:N1001<>""))} -> Lobatto | N2: Lobatto | O2: Hinge Radau | P2: Beam | Q2: Rectangular | R2: Elastic | S2: {=_xlfn._xlws.FILTER('Frame Sections'!A20:A1019,(('Frame Sections'!C20:C1019="Elastic")+('Frame Sections'!C20:C1019="Fiber"))*('Frame Sections'!A20:A1019<>""))} -> C1 | T2: {=_xlfn._xlws.FILTER('Frame Sections'!A20:A1019,(('Frame Sections'!C20:C1019="Elastic")+('Frame Sections'!C20:C1019="Fiber")+('Frame Sections'!C20:C1019="Aggregator"))*('Frame Sections'!A20:A1019<>""))} -> C1 | U2: Selfweight | V2: N | W2: m | X2: kg | Y2: Pa | Z2: s | AA2: rad
A3: Concentrated Plasticity (Element with hinge) | B3: Rebar | C3: Concrete04 | D3: Steel02 | E3: IMKPeakOriented | F3: FlexuralZ | H3: Rebar420 | I3: RC Unconfined | J3: Rebar420NL | K3: Rebar420 | L3: RC Confined | M3: Hinge Radau | P3: Column | R3: Fiber | S3: B1 | T3: B1 | U3: Dead | V3: kN | W3: mm | X3: gr | Y3: kPa | Z3: ms | AA3: deg
A4: Fibre Model | B4: Steel | C4: Concrete04+MinMax | D4: Steel02+MinMax | E4: IMKPinching | F4: ShearY | H4: RC Unconfined | I4: RC Confined | L4: Rebar420NL | P4: Slab | R4: Aggregator | S4: C1Fiber | T4: C1Fiber | U4: Live | V4: MN | W4: cm | X4: ton | Y4: MPa
B5: Spring | F5: FlexuralY | H5: RC Confined | P5: Brace | R5: Uniaxial | T5: C1FiberShear | U5: Live Roof | V5: kgf | W5: ft | X5: lbs | Y5: GPa
B6: Aggregator | F6: ShearZ | H6: Rebar420NL | P6: Zero Length | U6: Earthquake-X | V6: tonf | W6: in | X6: kip | Y6: psi
F7: Torsional | H7: ElasticShearY | U7: Earthquake-Y | V7: lbf | Y7: psf
H8: ElasticShearZ | U8: Wind-X | V8: kipf | Y8: ksi
U9: Wind-Y | Y9: ksf

Sheet Instructions
A1: Instructions:
A2: 1 | B2: Do not rename the file
A3: 2 | B3: Do not delete unused sheet
A4: 3 | B4: Cells with a white background are user-inputted
A5: 4 | B5: To change unitsystem, choose units for each measurement at "User Specified Unitsystem" sheet
A6: 5 | B6: All units for user-inputted values should follow user specified unitsystem

Sheet Project Information
A1: Descriptions:
A2: - Project Name: Name of the project (Input as String)
A3: - Project Description: Description of the project (Input as String)
A4: - Model Dimensional Space: Dimensional space to be used (Choose from the list)
A6: Item | B6: Value
A7: Project Name | B7: 4-Storeys Building
A8: Project Description | B8: Structural analysis of 4-Storeys building
A9: Model Dimensional Space | B9: 3D-Space

Sheet User Defined Units
A1: Descriptions:
A2: - Force: Unit for force (Choose from the list)
A3: - Length: Unit for length and its derivation (Choose from the list)
A4: - Mass: Unit for mass (Choose from the list)
A5: - Stress: Unit for stress (Choose from the list)
A6: - Time: Unit for time (Choose from the list)
A7: - Angle: Unit for angle (Choose from the list)
A9: Item | B9: Value
A10: Force | B10: kN
A11: Length | B11: m
A12: Mass | B12: kg
A13: Stress | B13: MPa
A14: Time | B14: s
A15: Angle | B15: rad

Sheet Analysis Preferences
A1: Descriptions:
A2: - Nonlinear Analysis: Preference to perform nonlinear analysis (Choose from the list)
A3: - P-Delta: Preference to include P-Delta in analysis (Choose from the list)
A4: - LL Mass Factor: Factor for liveload used in computing structural mass (Input as Float)
A6: Item | B6: Value
A7: Nonlinear Analysis | B7: No
A8: P-Delta | B8: No
A9: LL Mass Factor | B9: 0.25

Sheet Materials
A1: Descriptions:
A2: - Material Name: Name of material (Input as String) | K2: ="- K0: Elastic stiffness (Input as Float) ("&'User Defined Units'!$B$10&"-"&'User Defined Units'!$B$11&"/"&'User Defined Units'!$B$15&")" -> - K0: Elastic stiffness (Input as Float) (kN-m/rad) | AA2: ="- EA: Axial rigidity of material aggregator (Input as Float) ("&'User Defined Units'!$B$10&")" -> - EA: Axial rigidity of material aggregator (Input as Float) (kN)
A3: - Material Type: Type of material (Choose from the list) | K3: - as_Pos: Strain hardening ratio for positive loading direction, set value = 0.0 to use default value which is calculated using equation: as_Pos = Kpy_Pos / K0, Kpy_Pos = (Mu_Pos - My_Pos) / (theta_p_Pos - theta_e_Pos), theta_e_Pos = My_Pos / K0 (Input as Float) | AA3: ="- EIz: Flexural rigidity of material aggregator about local z-axis (Input as Float) ("&'User Defined Units'!$B$10&"-"&'User Defined Units'!$B$11&"2)" -> - EIz: Flexural rigidity of material aggregator about local z-axis (Input as Float) (kN-m2)
A4: - Material Model: Opensees material model (Choose from the list) | K4: - as_Neg: Strain hardening ratio for negative loading direction, set value = 0.0 to use default value which is calculated using equation: as_Neg = Kpy_Neg / K0, Kpy_Neg = (Mu_Neg - My_Neg) / (theta_p_Neg - theta_e_Neg), theta_e_Neg = My_Neg / K0 (Input as Float) | AA4: ="- GAvy: Shear rigidity of material aggregator along local y-axis (Input as Float) ("&'User Defined Units'!$B$10&")" -> - GAvy: Shear rigidity of material aggregator along local y-axis (Input as Float) (kN)
A5: ="- Unitweight: Unitweight of material (Input as Float) ("&'User Defined Units'!$B$10&"/"&'User Defined Units'!$B$11&"3)" -> - Unitweight: Unitweight of material (Input as Float) (kN/m3) | K5: ="- My_Pos: Effective yield strength for positive loading direction (Input as Float) ("&'User Defined Units'!$B$10&"-"&'User Defined Units'!$B$11&")" -> - My_Pos: Effective yield strength for positive loading direction (Input as Float) (kN-m) | AA5: ="- EIy: Flexural rigidity of material aggregator about local y-axis (Input as Float) ("&'User Defined Units'!$B$10&"-"&'User Defined Units'!$B$11&"2)" -> - EIy: Flexural rigidity of material aggregator about local y-axis (Input as Float) (kN-m2)
A6: ="- E: Modulus of elasticity of material (Input as Float) ("&'User Defined Units'!$B$13&")" -> - E: Modulus of elasticity of material (Input as Float) (MPa) | K6: ="- My_Neg: Effective yield strength for negative loading direction (Input as Float) ("&'User Defined Units'!$B$10&"-"&'User Defined Units'!$B$11&")" -> - My_Neg: Effective yield strength for negative loading direction (Input as Float) (kN-m) | AA6: ="- GAvz: Shear rigidity of material aggregator along local z-axis (Input as Float) ("&'User Defined Units'!$B$10&")" -> - GAvz: Shear rigidity of material aggregator along local z-axis (Input as Float) (kN)
A7: - nu: Poisson's ratio of material (Input as Float) | K7: ="- Mu_Pos: Effective ultimate strength for positive loading direction (Input as Float) ("&'User Defined Units'!$B$10&"-"&'User Defined Units'!$B$11&")" -> - Mu_Pos: Effective ultimate strength for positive loading direction (Input as Float) (kN-m) | AA7: ="- GJxx: Torsional rigidity of material aggregator (Input as Float) ("&'User Defined Units'!$B$10&"-"&'User Defined Units'!$B$11&"2)" -> - GJxx: Torsional rigidity of material aggregator (Input as Float) (kN-m2)
A8: ="- fc: Maximum compressive strength of concrete (Input as Float) ("&'User Defined Units'!$B$13&")" -> - fc: Maximum compressive strength of concrete (Input as Float) (MPa) | K8: ="- Mu_Neg: Effective ultimate strength for negative loading direction (Input as Float) ("&'User Defined Units'!$B$10&"-"&'User Defined Units'!$B$11&")" -> - Mu_Neg: Effective ultimate strength for negative loading direction (Input as Float) (kN-m)
A9: - epsc: Strain at maximum compressive strength of concrete (Input as Float) | K9: - Fpr_Pos: Ratio of the force at which reloading begins to force corresponding to the maximum historic deformation demand (positive loading direction), keep 0.0 if it is not related, use this when using IMKPinching model (Input as Float) | AA9: - Properties of Concrete + Elastic: 1=fc
A10: - epscu: Strain at crushing strength of concrete (Input as Float) | K10: - Fpr_Neg: Ratio of the force at which reloading begins to force corresponding to the maximum historic deformation demand (negative loading direction), keep 0.0 if it is not related, use this when using IMKPinching model (Input as Float) | AA10: - Properties of Concrete + Concrete04: 1=fc, 2=epsc, 3=epscu, 4=fct, 5=et, 6=beta
A11: ="- fct: Maximum tensile strength of concrete (Input as Float) ("&'User Defined Units'!$B$13&")" -> - fct: Maximum tensile strength of concrete (Input as Float) (MPa) | K11: - A_pinch: Ratio of reloading stiffness, keep 0.0 if it is not related, use this when using IMKPinching model (Input as Float) | AA11: - Properties of Concrete + Concrete04+MinMax: 1=fc, 2=epsc, 3=epscu, 4=fct, 5=et, 6=beta, 7=ecmax, 8=etmax
A12: - et: Strain at maximum tensile strength of concrete, set value = 0.0 to use default value which is calculated using equation: et = fct / Esec, Esec = fc / epsc (Input as Float) | K12: - nFactor: Elastic stiffness amplification factor, use this when using IMKBilinear (Input as Float) | AA12: - Properties of Rebar/Steel + Elastic: 1=fy, 2=fu
A13: - beta: Exponential curve parameter to define the residual stress (as a factor of fct) at etu | K13: - Lamda_S: Cyclic deterioration parameter for strength deterioration [E_t=Lamda_S*M_y, see Lignos and Krawinkler (2011)], keep 0.0 value to disable this mode of deterioration (Input as Float) | AA13: - Properties of Rebar/Steel + Steel02: 1=fy, 2=fu, 3=eu, 4=b, 5=R0, 6=cR1, 7=cR2, 8=a1, 9=a2, 10=a3, 11=a4, 12=f_init
A14: ="- fy: Yield strength of rebar/steel (Input as float) ("&'User Defined Units'!$B$13&")" -> - fy: Yield strength of rebar/steel (Input as float) (MPa) | K14: - Lamda_C: Cyclic deterioration parameter for post-capping strength deterioration [E_t=Lamda_C*M_y, see Lignos and Krawinkler (2011)], keep 0.0 value to disable this mode of deterioration (Input as Float) | AA14: - Properties of Rebar/Steel + Steel02+MinMax: 1=fy, 2=fu, 3=eu, 4=b, 5=R0, 6=cR1, 7=cR2, 8=a1, 9=a2, 10=a3, 11=a4, 12=f_init, 13=ecmax, 14=etmax
A15: ="- fu: Ultimate tensile strength of rebar/steel (Input as float) ("&'User Defined Units'!$B$13&")" -> - fu: Ultimate tensile strength of rebar/steel (Input as float) (MPa) | K15: - Lamda_A: Cyclic deterioration parameter for accelerated reloading stiffness deterioration [E_t=Lamda_A*M_y, see Lignos and Krawinkler (2011)], keep 0.0 value to disable this mode of deterioration (Input as Float)
A16: - eu: Strain at ultimate tensile strength of rebar/steel (Input as Float) | K16: - Lamda_K: Cyclic deterioration parameter for unloading stiffness deterioration [E_t=Lamda_K*M_y, see Lignos and Krawinkler (2011)], keep 0.0 value to disable this mode of deterioration (Input as Float) | AA16: - Properties of Spring + IMKBilinear: 1=K0, 2=as_Pos, 3=as_Neg, 4=My_Pos, 5=My_Neg, 6=Mu_Pos, 7=Mu_Neg, 8=Lamda_S, 9=Lamda_C, 10=Lamda_A, 11=Lamda_K, 12=c_S, 13=c_C, 14=c_A, 15=c_K, 16=theta_p_Pos, 17=theta_p_Neg, 18=theta_pc_Pos, 19=theta_pc_Neg, 20=theta_u_Pos, 21=theta_u_Neg, 22=Res_Pos, 23=Res_Neg, 24=D_Pos, 25=D_Neg, 26=nFactor
A17: - b: Strain-hardening ratio, set value = 0.0 to use default value which is calculated using equation: b = Epy / E, Epy = (fu - fy) / (eu - eoffset), eoffset = (fy / E) + 0.2% (Input as Float) | K17: - c_S: Rate of strength deterioration, default value is 1.0 (Input as Float)
A18: - R0: Parameters to control the transition from elastic to plastic branches, recommended value = 10-20 (Input as Integer) | K18: - c_C: Rate of post-capping strength deterioration, default value is 1.0 (Input as Float)
A19: - cR1: Parameters to control the transition from elastic to plastic branches, recommended value = 0.925 (Input as Float) | K19: - c_A: Rate of accelerated reloading deterioration, default value is 1.0 (Input as Float) | AA19: - Properties of Spring + IMKPeakOriented: 1=K0, 2=as_Pos, 3=as_Neg, 4=My_Pos, 5=My_Neg, 6=Mu_Pos, 7=Mu_Neg, 8=Lamda_S, 9=Lamda_C, 10=Lamda_A, 11=Lamda_K, 12=c_S, 13=c_C, 14=c_A, 15=c_K, 16=theta_p_Pos, 17=theta_p_Neg, 18=theta_pc_Pos, 19=theta_pc_Neg, 20=theta_u_Pos, 21=theta_u_Neg, 22=Res_Pos, 23=Res_Neg, 24=D_Pos, 25=D_Neg
A20: - cR2: Parameters to control the transition from elastic to plastic branches, recommended value = 0.15 (Input as Float) | K20: - c_K: Rate of unloading stiffness deterioration, default value is 1.0 (Input as Float)
A21: - a1: Isotropic hardening parameter, increase of compression yield envelope as proportion of yield strength after a plastic strain of a2*(fy / E), default value = 0.0 (Input as Float) | K21: - theta_p_Pos: Pre-capping rotation for positive loading direction, often noted as plastic rotation capacity (Input as Float)
A22: - a2: Isotropic hardening parameter, default value = 1.0 (Input as Float) | K22: - theta_p_Neg: Pre-capping rotation for negative loading direction, often noted as plastic rotation capacity (Input as Float) | AA22: - Properties of Spring + IMKPinching: 1=K0, 2=as_Pos, 3=as_Neg, 4=My_Pos, 5=My_Neg, 6=Mu_Pos, 7=Mu_Neg, 8=Lamda_S, 9=Lamda_C, 10=Lamda_A, 11=Lamda_K, 12=c_S, 13=c_C, 14=c_A, 15=c_K, 16=theta_p_Pos, 17=theta_p_Neg, 18=theta_pc_Pos, 19=theta_pc_Neg, 20=theta_u_Pos, 21=theta_u_Neg, 22=Res_Pos, 23=Res_Neg, 24=D_Pos, 25=D_Neg, 26=Fpr_Pos, 27=Fpr_Neg, 28=A_pinch
A23: - a3: Isotropic hardening parameter, increase of tension yield envelope as proportion of yield strength after a plastic strain of a4*(fy / E), default value = 0.0 (Input as Float) | K23: - theta_pc_Pos: Post-capping rotation for positive loading direction (Input as Float)
A24: - a4: Isotropic hardening parameter, default value = 1.0 (Input as Float) | K24: - theta_pc_Neg: Post-capping rotation for negative loading direction (Input as Float)
A25: ="- f_init: Initial stress value, default value = 0.0 (Input as Float) ("&'User Defined Units'!$B$13&")" -> - f_init: Initial stress value, default value = 0.0 (Input as Float) (MPa) | K25: - Res_Pos: Residual strength ratio for positive loading direction (Input as Float)
A26: - ecmax: Maximum compression strain (Input as Float) | K26: - Res_Neg: Residual strength ratio for negative loading direction (Input as Float) | AA26: - Properties of Aggregator + Elastic: 1=EA, 2=EIz, 3=GAvy, 4=EIy, 5=GAvz, 6=GJxx
A27: - etmax: Maximum tension strain (Input as Float) | K27: - theta_u_Pos: Ultimate rotation capacity for positive loading direction (Input as Float)
K28: - theta_u_Neg: Ultimate rotation capacity for negative loading direction (Input as Float)
A29: Note: | K29: - D_Pos: Rate of cyclic deterioration in the positive loading direction, for symmetric hysteretic response use 1.0 (Input as Float)
A30: - Keep red-colored cells with a value of 0.0 | K30: - D_Neg: Rate of cyclic deterioration in the negative loading direction, for symmetric hysteretic response use 1.0 (Input as Float)
A32: Material Name | B32: Material Type | C32: Material Model | D32: Unitweight | E32: E | F32: nu | G32: Prop1 | H32: Prop2 | I32: Prop3 | J32: Prop4 | K32: Prop5 | L32: Prop6 | M32: Prop7 | N32: Prop8 | O32: Prop9 | P32: Prop10 | Q32: Prop11 | R32: Prop12 | S32: Prop13 | T32: Prop14 | U32: Prop15 | V32: Prop16 | W32: Prop17 | X32: Prop18 | Y32: Prop19 | Z32: Prop20 | AA32: Prop21 | AB32: Prop22 | AC32: Prop23 | AD32: Prop24 | AE32: Prop25 | AF32: Prop26 | AG32: Prop27 | AH32: Prop28
A33: RC30 | B33: Concrete | C33: Elastic | D33: 23.6 | E33: =4700*SQRT(G33) -> 25742.96 | F33: 0.2 | G33: =30 -> 30 | H33: 0 | I33: 0 | J33: 0 | K33: 0 | L33: 0 | M33: 0 | N33: 0 | O33: 0 | P33: 0 | Q33: 0 | R33: 0 | S33: 0 | T33: 0 | U33: 0 | V33: 0 | W33: 0 | X33: 0 | Y33: 0 | Z33: 0 | AA33: 0 | AB33: 0 | AC33: 0 | AD33: 0 | AE33: 0 | AF33: 0 | AG33: 0 | AH33: 0
A34: Rebar420 | B34: Rebar | C34: Elastic | D34: =7850*9.80665/1000 -> 76.982202 | E34: =200000 -> 200000 | F34: 0.3 | G34: 420 | H34: 525 | I34: 0 | J34: 0 | K34: 0 | L34: 0 | M34: 0 | N34: 0 | O34: 0 | P34: 0 | Q34: 0 | R34: 0 | S34: 0 | T34: 0 | U34: 0 | V34: 0 | W34: 0 | X34: 0 | Y34: 0 | Z34: 0 | AA34: 0 | AB34: 0 | AC34: 0 | AD34: 0 | AE34: 0 | AF34: 0 | AG34: 0 | AH34: 0
A35: RC Unconfined | B35: Concrete | C35: Concrete04 | D35: 23.6 | E35: =4700*SQRT(G35) -> 25742.96 | F35: 0.2 | G35: 30 | H35: 0.002 | I35: 0.005 | J35: =0.62*SQRT(G35) -> 3.3958799 | K35: 0 | L35: 0.2 | M35: 0 | N35: 0 | O35: 0 | P35: 0 | Q35: 0 | R35: 0 | S35: 0 | T35: 0 | U35: 0 | V35: 0 | W35: 0 | X35: 0 | Y35: 0 | Z35: 0 | AA35: 0 | AB35: 0 | AC35: 0 | AD35: 0 | AE35: 0 | AF35: 0 | AG35: 0 | AH35: 0
A36: RC Confined | B36: Concrete | C36: Concrete04 | D36: 23.6 | E36: =E35 -> 25742.96 | F36: 0.2 | G36: =47.2156312521873 -> 47.215631 | H36: 0.0077385438 | I36: 0.022428475 | J36: =0.62*SQRT(G36) -> 4.2602451 | K36: 0 | L36: 0.2 | M36: 0 | N36: 0 | O36: 0 | P36: 0 | Q36: 0 | R36: 0 | S36: 0 | T36: 0 | U36: 0 | V36: 0 | W36: 0 | X36: 0 | Y36: 0 | Z36: 0 | AA36: 0 | AB36: 0 | AC36: 0 | AD36: 0 | AE36: 0 | AF36: 0 | AG36: 0 | AH36: 0
A37: Rebar420NL | B37: Rebar | C37: Steel02+MinMax | D37: =7850*9.80665/1000 -> 76.982202 | E37: 200000 | F37: 0.3 | G37: 420 | H37: 525 | I37: 0.08 | J37: 0 | K37: 20 | L37: 0.925 | M37: 0.15 | N37: 0 | O37: 1 | P37: 0 | Q37: 1 | R37: 0 | S37: 0.08 | T37: 0.08 | U37: 0 | V37: 0 | W37: 0 | X37: 0 | Y37: 0 | Z37: 0 | AA37: 0 | AB37: 0 | AC37: 0 | AD37: 0 | AE37: 0 | AF37: 0 | AG37: 0 | AH37: 0
A38: Rotational Spring | B38: Spring | C38: IMKPeakOriented | D38: 0 | E38: 0 | F38: 0 | G38: 114958.97 | H38: 0 | I38: 0 | J38: 243.1692 | K38: 388.622 | L38: 267.48612 | M38: 427.4842 | N38: 0 | O38: 0 | P38: 0 | Q38: 0 | R38: 1 | S38: 1 | T38: 1 | U38: 1 | V38: 0.022268113 | W38: 0.022268113 | X38: 0.022268113 | Y38: 0.022268113 | Z38: 0.041385683 | AA38: 0.041385683 | AB38: 0.2 | AC38: 0.2 | AD38: 1 | AE38: 1 | AF38: 0 | AG38: 0 | AH38: 0
A39: ElasticShearY | B39: Aggregator | C39: ShearY | D39: 0 | E39: 0 | F39: 0 | G39: 0 | H39: 0 | I39: =(E33/(2*(1+F33))) * 1000 * ((5/6)*0.7*0.7) -> 4379878.6 | J39: 0 | K39: 0 | L39: 0 | M39: 0 | N39: 0 | O39: 0 | P39: 0 | Q39: 0 | R39: 0 | S39: 0 | T39: 0 | U39: 0 | V39: 0 | W39: 0 | X39: 0 | Y39: 0 | Z39: 0 | AA39: 0 | AB39: 0 | AC39: 0 | AD39: 0 | AE39: 0 | AF39: 0 | AG39: 0 | AH39: 0
A40: ElasticShearZ | B40: Aggregator | C40: ShearZ | D40: 0 | E40: 0 | F40: 0 | G40: 0 | H40: 0 | I40: 0 | J40: 0 | K40: =(E33/(2*(1+F33))) * 1000 * ((5/6)*0.7*0.7) -> 4379878.6 | L40: 0 | M40: 0 | N40: 0 | O40: 0 | P40: 0 | Q40: 0 | R40: 0 | S40: 0 | T40: 0 | U40: 0 | V40: 0 | W40: 0 | X40: 0 | Y40: 0 | Z40: 0 | AA40: 0 | AB40: 0 | AC40: 0 | AD40: 0 | AE40: 0 | AF40: 0 | AG40: 0 | AH40: 0

Sheet Frame Sections
A1: Descriptions:
A2: - Section Name: Name of section (Input as String) | N2: - AMod: Modifier for area (Input as Float) | U2: - Dimension of rectangular section: 1=h, 2=b
A3: - Section Shape: Shape of section (Choose from the list) | N3: - AvyMod: Modifier for shear area along local y-axis (Input as Float) | U3: - Fiber properties of Rectangular concrete section: 1=c, 2=barDiaHoop, 3=barDiaTop, 4=barDiaBot, 5=barDiaInt, 6=nBarsTop, 7=nBarsBot, 8=nBarsInt
A4: - Section Model: Opensees section model (Choose from the list) | N4: - AvzMod: Modifier for shear area along local z-axis (Input as Float)
A5: - Material: Material 1 of section (main material). If it is fiber section which is concrete, set this as material of concrete core. If it is section aggregator which refers to "P" Axial force-deformation, it will use E and G from material. Multiple or all force-deformation relationship can be used together but there is no interaction between responses (Choose from the list) | N5: - IzMod: Modifier for second moment of area about local z-axis (Input as Float)
N6: - IyMod: Modifier for second moment of area about local y-axis (Input as Float)
A7: - Material2: Material 2 of section. If it is fiber section which is concrete, set this as material of concrete cover. If it is section aggregator which refers to "Mz" Moment-curvature about section local z-axis, it will use E and G from material (Choose from the list) | N7: - JxxMod: Modifier for torsional constant (Input as Float)
A8: - Material3: Material 3 of section. If it is fiber section which is concrete, set this as material of reinforcement. If it is section aggregator which refers to "Vy" Shear force-deformation along section local y-axis, it will use E and G from material (Choose from the list) | N8: ="- h: Height of rectangular section (Input as Float) ("&'User Defined Units'!$B$11&")" -> - h: Height of rectangular section (Input as Float) (m)
A9: - Material4 : Material 4 of section. If it is section aggregator which refers to "My" Moment-curvature about section local y-axis, it will use E and G from material (Choose from the list) | N9: ="- b: Width of rectangular section (Input as Float) ("&'User Defined Units'!$B$11&")" -> - b: Width of rectangular section (Input as Float) (m)
A10: - Material5 : Material 5 of section. If its is section aggregator which refers to "Vz" Shear force-deformation along section local z-axis, it will use E and G from material (Choose from the list) | N10: ="- c: Concrete cover (Input as Float) ("&'User Defined Units'!$B$11&")" -> - c: Concrete cover (Input as Float) (m)
A11: - Material6 : Material 6 of section. If it is section aggregator which refers to "T" Torsion Force-Deformation, it will use E and G from material (Choose from the list) | N11: ="- barDiaHoop: Diameter of hoops (Input as Float) ("&'User Defined Units'!$B$11&")" -> - barDiaHoop: Diameter of hoops (Input as Float) (m)
A12: - Integration Type: Type of beam integartion (Choose from the list) | N12: ="- barDiaTop: Diameter of top reinforcements (Input as Float) ("&'User Defined Units'!$B$11&")" -> - barDiaTop: Diameter of top reinforcements (Input as Float) (m)
A13: - Integration points: Number of integration points (Input as Integer) | N13: ="- barDiaBot: Diameter of bottom reinforcements (Input as Float) ("&'User Defined Units'!$B$11&")" -> - barDiaBot: Diameter of bottom reinforcements (Input as Float) (m)
A14: - Aggregated Section: Name of section which the Materials are aggregated as additional force-deformation relationship (Choose from the list) | N14: ="- barDiaInt: Diameter of intermediate reinforcements (Input as Float) ("&'User Defined Units'!$B$11&")" -> - barDiaInt: Diameter of intermediate reinforcements (Input as Float) (m)
N15: - nBarsTop: Number of top reinforcements (Input as Integer)
A16: Note: | N16: - nBarsBot: Number of bottom reinforcements (Input as Integer)
A17: - Keep red-colored cells with either blank or a value of 0.0 | N17: - nBarsInt: Number of intermediate reinforcements (Input as Integer)
A19: Section Name | B19: Section Shape | C19: Section Model | D19: Material | E19: Material2 | F19: Material3 | G19: Material4 | H19: Material5 | I19: Material6 | J19: Integration Type | K19: Integration Points | L19: Elastic Section | M19: Location | N19: Aggregated Section | O19: AMod | P19: AvyMod | Q19: AvzMod | R19: IzMod | S19: IyMod | T19: JxxMod | U19: Dim1 | V19: Dim2 | W19: FiberProp1 | X19: FiberProp2 | Y19: FiberProp3 | Z19: FiberProp4 | AA19: FiberProp5 | AB19: FiberProp6 | AC19: FiberProp7 | AD19: FiberProp8
A20: C1 | B20: Rectangular | C20: Elastic | D20: RC30 | O20: 1 | P20: 1 | Q20: 1 | R20: 0.7 | S20: 0.7 | T20: 1 | U20: 0.7 | V20: 0.7 | W20: 0 | X20: 0 | Y20: 0 | Z20: 0 | AA20: 0 | AB20: 0 | AC20: 0 | AD20: 0
A21: B1 | B21: Rectangular | C21: Elastic | D21: RC30 | O21: 1 | P21: 1 | Q21: 1 | R21: 0.35 | S21: 0.35 | T21: 1 | U21: 0.6 | V21: 0.3 | W21: 0 | X21: 0 | Y21: 0 | Z21: 0 | AA21: 0 | AB21: 0 | AC21: 0 | AD21: 0
A22: C1Fiber | B22: Rectangular | C22: Fiber | D22: RC Confined | E22: RC Unconfined | F22: Rebar420NL | O22: 1 | P22: 1 | Q22: 1 | R22: 1 | S22: 1 | T22: 1 | U22: 0.7 | V22: 0.7 | W22: =40/1000 -> 0.04 | X22: =13/1000 -> 0.013 | Y22: =22/1000 -> 0.022 | Z22: =22/1000 -> 0.022 | AA22: =22/1000 -> 0.022 | AB22: 7 | AC22: 7 | AD22: 10
A23: C1FiberShear | B23: Rectangular | C23: Aggregator | F23: ElasticShearY | H23: ElasticShearZ | J23: Lobatto | K23: 5 | N23: C1Fiber | O23: 0 | P23: 0 | Q23: 0 | R23: 0 | S23: 0 | T23: 0 | U23: 0 | V23: 0 | W23: 0 | X23: 0 | Y23: 0 | Z23: 0 | AA23: 0 | AB23: 0 | AC23: 0 | AD23: 0
C24: =IF(A24=0,"","Elastic")
C25: =IF(A25=0,"","Elastic")
C26: =IF(A26=0,"","Elastic")
C27: =IF(A27=0,"","Elastic")
C28: =IF(A28=0,"","Elastic")
C29: =IF(A29=0,"","Elastic")
C30: =IF(A30=0,"","Elastic")
C31: =IF(A31=0,"","Elastic")
C32: =IF(A32=0,"","Elastic")
C33: =IF(A33=0,"","Elastic")
C34: =IF(A34=0,"","Elastic")
C35: =IF(A35=0,"","Elastic")
... C1019: =IF(A1019=0,"","Elastic")

Sheet Slab Sections
A1: Descriptions:
A2: - Section Name: Name of slab section (Input as String, Max. 15 characters)
A3: - Material: Material of slab section (Choose from the list)
A4: ="- t: Slab thickness (Input as float) ("&'User Defined Units'!$B$11&")" -> - t: Slab thickness (Input as float) (m)
A6: Section Name | B6: Material | C6: t
A7: S1 | B7: RC30 | C7: 0.2

Sheet Node Objects
A1: Descriptions:
A2: - Unique Name: Name used as unique identification for each node (Input as String, Max. 15 characters)
A3: ="- X: X coordinate of node objects (Input as Float) ("&'User Defined Units'!$B$11&")" -> - X: X coordinate of node objects (Input as Float) (m)
A4: ="- Y: Y coordinate of node objects (Input as Float) ("&'User Defined Units'!$B$11&")" -> - Y: Y coordinate of node objects (Input as Float) (m)
A5: ="- Z: Z coordinate of node objects (Input as Float) ("&'User Defined Units'!$B$11&")" -> - Z: Z coordinate of node objects (Input as Float) (m)
A7: Unique Name | B7: X | C7: Y | D7: Z
A8: 1 | B8: 0 | C8: 0 | D8: 0
A9: 2 | B9: 8 | C9: 0 | D9: 0
A10: 3 | B10: 16 | C10: 0 | D10: 0
A11: 4 | B11: 24 | C11: 0 | D11: 0
A12: 5 | B12: 32 | C12: 0 | D12: 0
A13: 6 | B13: 0 | C13: 8 | D13: 0
A14: 7 | B14: 8 | C14: 8 | D14: 0
A15: 8 | B15: 16 | C15: 8 | D15: 0
A16: 9 | B16: 24 | C16: 8 | D16: 0
A17: 10 | B17: 32 | C17: 8 | D17: 0
A18: 11 | B18: 0 | C18: 16 | D18: 0
A19: 12 | B19: 8 | C19: 16 | D19: 0
... A132: 125 | B132: 32 | C132: 32 | D132: 14.5

Sheet Element Objects
A1: Descriptions:
A2: - Unique Name: Name used as unique identification for each element (Input as String, Max. 15 characters)
A3: - I-End: Node object at the start (I) of the element object (Choose from the list)
A4: - J-End: Node object at the end (J) of the element object (Choose from the list)
A5: - Element Type: Type of element (Choose from the list)
A6: - End Offset: End Offset length preference (Choose from the list)
A7: - Rigid Zone Factor: The fraction of zone specified by end offsets to be taken as fully rigid, 0 means no rigid zone 1 means fully rigid zone (Input as Float)
A8: ="- I-End Offset Length: Offset length at the start (I) of the element object (Input as Float) ("&'User Defined Units'!$B$11&")" -> - I-End Offset Length: Offset length at the start (I) of the element object (Input as Float) (m)
A9: ="-J-End Offset Length: Offset length at the end (J) of the element object (Input as Float) ("&'User Defined Units'!$B$11&")" -> -J-End Offset Length: Offset length at the end (J) of the element object (Input as Float) (m)
A10: - Section: Cross section used by each element (Choose from the list)
A11: - Zero Length Element: Option to generate point as zero length element (Choose from the list)
A12: Note:
A13: - Keep red-colored cells with a value of 0.0
A15: Unique Name | B15: I-End | C15: J-End | D15: Element Type | E15: End Offset | F15: Rigid Zone Factor | G15: I-End Offset Length | H15: J-End Offset Length | I15: Section | J15: Zero Length Element
A16: 1 | B16: 1 | C16: 26 | D16: Column | E16: Auto from Connectivity | F16: 1 | G16: 0 | H16: 0 | I16: C1 | J16: No
A17: 2 | B17: 2 | C17: 27 | D17: Column | E17: Auto from Connectivity | F17: 1 | G17: 0 | H17: 0 | I17: C1 | J17: No
A18: 3 | B18: 3 | C18: 28 | D18: Column | E18: Auto from Connectivity | F18: 1 | G18: 0 | H18: 0 | I18: C1 | J18: No
A19: 4 | B19: 4 | C19: 29 | D19: Column | E19: Auto from Connectivity | F19: 1 | G19: 0 | H19: 0 | I19: C1 | J19: No
A20: 5 | B20: 5 | C20: 30 | D20: Column | E20: Auto from Connectivity | F20: 1 | G20: 0 | H20: 0 | I20: C1 | J20: No
A21: 6 | B21: 6 | C21: 31 | D21: Column | E21: Auto from Connectivity | F21: 1 | G21: 0 | H21: 0 | I21: C1 | J21: No
A22: 7 | B22: 7 | C22: 32 | D22: Column | E22: Auto from Connectivity | F22: 1 | G22: 0 | H22: 0 | I22: C1 | J22: No
A23: 8 | B23: 8 | C23: 33 | D23: Column | E23: Auto from Connectivity | F23: 1 | G23: 0 | H23: 0 | I23: C1 | J23: No
A24: 9 | B24: 9 | C24: 34 | D24: Column | E24: Auto from Connectivity | F24: 1 | G24: 0 | H24: 0 | I24: C1 | J24: No
A25: 10 | B25: 10 | C25: 35 | D25: Column | E25: Auto from Connectivity | F25: 1 | G25: 0 | H25: 0 | I25: C1 | J25: No
A26: 11 | B26: 11 | C26: 36 | D26: Column | E26: Auto from Connectivity | F26: 1 | G26: 0 | H26: 0 | I26: C1 | J26: No
A27: 12 | B27: 12 | C27: 37 | D27: Column | E27: Auto from Connectivity | F27: 1 | G27: 0 | H27: 0 | I27: C1 | J27: No
... A275: 260 | B275: 120 | C275: 125 | D275: Beam | E275: Auto from Connectivity | F275: 0 | G275: 0 | H275: 0 | I275: B1 | J275: No

Sheet Shell Objects
A1: Descriptions:
A2: - Unique Name: Name used as unique identification for each shell (Input as String, Max. 15 characters)
A3: - Edge 1: Element object 1 (at the start) of the shell object (Choose from the list)
A4: - Edge 2: Element object 2 of the shell object, determined by CW/CCW ordering (Choose from the list)
A5: - Edge 3: Element object 3 of the shell object, determined by CW/CCW ordering (Choose from the list)
A6: - Edge 4: Element object 4 of the shell object, determined by CW/CCW ordering (Choose from the list)
A7: - Element Type: Type of element (Choose from the list)
A8: - Section: Slab section used by each shell (Choose from the list)
A10: Unique Name | B10: Edge 1 | C10: Edge 2 | D10: Edge 3 | E10: Edge 4 | F10: Element Type | G10: Section
A11: 1 | B11: 101 | C11: 182 | D11: 105 | E11: 181 | F11: Slab | G11: S1
A12: 2 | B12: 102 | C12: 183 | D12: 106 | E12: 182 | F12: Slab | G12: S1
A13: 3 | B13: 103 | C13: 184 | D13: 107 | E13: 183 | F13: Slab | G13: S1
A14: 4 | B14: 104 | C14: 185 | D14: 108 | E14: 184 | F14: Slab | G14: S1
A15: 5 | B15: 105 | C15: 187 | D15: 109 | E15: 186 | F15: Slab | G15: S1
A16: 6 | B16: 106 | C16: 188 | D16: 110 | E16: 187 | F16: Slab | G16: S1
A17: 7 | B17: 107 | C17: 189 | D17: 111 | E17: 188 | F17: Slab | G17: S1
A18: 8 | B18: 108 | C18: 190 | D18: 112 | E18: 189 | F18: Slab | G18: S1
A19: 9 | B19: 109 | C19: 192 | D19: 113 | E19: 191 | F19: Slab | G19: S1
A20: 10 | B20: 110 | C20: 193 | D20: 114 | E20: 192 | F20: Slab | G20: S1
A21: 11 | B21: 111 | C21: 194 | D21: 115 | E21: 193 | F21: Slab | G21: S1
A22: 12 | B22: 112 | C22: 195 | D22: 116 | E22: 194 | F22: Slab | G22: S1
... A74: 64 | B74: 176 | C74: 260 | D74: 180 | E74: 259 | F74: Slab | G74: S1

Sheet Restraints
A1: Descriptions:
A2: - Node: Node name where it will be restrained (Choose from the list)
A3: - UX: Restraint condition of translational DOF along global X-axis (Boolean, 0: Unrestrained, 1: Restrained)
A4: - UY: Restraint condition of translational DOF along global Y-axis (Boolean, 0: Unrestrained, 1: Restrained)
A5: - UZ: Restraint condition of translational DOF along global Z-axis (Boolean, 0: Unrestrained, 1: Restrained)
A6: - RX: Restraint condition of rotational DOF about global X-axis (Boolean, 0: Unrestrained, 1: Restrained)
A7: - RY: Restraint condition of rotational DOF about global Y-axis (Boolean, 0: Unrestrained, 1: Restrained)
A8: - RZ: Restraint condition of rotational DOF about global Z-axis (Boolean, 0: Unrestrained, 1: Restrained)
A10: Node | B10: UX | C10: UY | D10: UZ | E10: RX | F10: RY | G10: RZ
A11: 1 | B11: 1 | C11: 1 | D11: 1 | E11: 1 | F11: 1 | G11: 1
A12: 2 | B12: 1 | C12: 1 | D12: 1 | E12: 1 | F12: 1 | G12: 1
A13: 3 | B13: 1 | C13: 1 | D13: 1 | E13: 1 | F13: 1 | G13: 1
A14: 4 | B14: 1 | C14: 1 | D14: 1 | E14: 1 | F14: 1 | G14: 1
A15: 5 | B15: 1 | C15: 1 | D15: 1 | E15: 1 | F15: 1 | G15: 1
A16: 6 | B16: 1 | C16: 1 | D16: 1 | E16: 1 | F16: 1 | G16: 1
A17: 7 | B17: 1 | C17: 1 | D17: 1 | E17: 1 | F17: 1 | G17: 1
A18: 8 | B18: 1 | C18: 1 | D18: 1 | E18: 1 | F18: 1 | G18: 1
A19: 9 | B19: 1 | C19: 1 | D19: 1 | E19: 1 | F19: 1 | G19: 1
A20: 10 | B20: 1 | C20: 1 | D20: 1 | E20: 1 | F20: 1 | G20: 1
A21: 11 | B21: 1 | C21: 1 | D21: 1 | E21: 1 | F21: 1 | G21: 1
A22: 12 | B22: 1 | C22: 1 | D22: 1 | E22: 1 | F22: 1 | G22: 1
... A35: 25 | B35: 1 | C35: 1 | D35: 1 | E35: 1 | F35: 1 | G35: 1

Sheet Nodal Loads
A1: Descriptions:
A2: - Node: Node name to be subjected nodal load (Choose from the list)
A3: - Load Case: Load case of subjected nodal load (Choose from the list)
A4: ="- FX: Force along global X-axis (Input as Float) ("&'User Defined Units'!$B$10&")" -> - FX: Force along global X-axis (Input as Float) (kN)
A5: ="- FY: Force along global Y-axis (Input as Float) ("&'User Defined Units'!$B$10&")" -> - FY: Force along global Y-axis (Input as Float) (kN)
A6: ="- FZ: Force along global Z-axis (Input as Float) ("&'User Defined Units'!$B$10&")" -> - FZ: Force along global Z-axis (Input as Float) (kN)
A7: ="- MX: Moment about global X-axis (Input as Float) ("&'User Defined Units'!$B$10&"-"&'User Defined Units'!$B$11&")" -> - MX: Moment about global X-axis (Input as Float) (kN-m)
A8: ="- MY: Moment about global Y-axis (Input as Float) ("&'User Defined Units'!$B$10&"-"&'User Defined Units'!$B$11&")" -> - MY: Moment about global Y-axis (Input as Float) (kN-m)
A9: ="- MZ: Moment about global Z-axis (Input as Float) ("&'User Defined Units'!$B$10&"-"&'User Defined Units'!$B$11&")" -> - MZ: Moment about global Z-axis (Input as Float) (kN-m)
A11: Node | B11: Load Case | C11: FX | D11: FY | E11: FZ | F11: MX | G11: MY | H11: MZ
A12: 101 | B12: Earthquake-X | C12: -100 | D12: -30
A13: 106 | B13: Earthquake-X | C13: 100 | D13: 30
A14: 111 | B14: Earthquake-X | C14: 100 | D14: 30
A15: 116 | B15: Earthquake-X | C15: 100 | D15: 30
A16: 121 | B16: Earthquake-X | C16: 100 | D16: 30

Sheet Concentrated Elemental Loads
A1: Descriptions:
A2: - Element: Element name to be subjected elemental point load (Choose from the list)
A3: - Load Case: Load case of subjected elemental point load (Choose from the list)
A4: - Direction: Direction of all subjected elemental point load (Load 1 - Load 4) (Choose from the list)
A5: ="- Load 1: Value of subjected elemental point load 1 (Input as Float) ("&'User Defined Units'!$B$10&")" -> - Load 1: Value of subjected elemental point load 1 (Input as Float) (kN)
A6: ="- Location 1: Location of subjected elemental point load 1 (Input as Float) ("&'User Defined Units'!$B$11&")" -> - Location 1: Location of subjected elemental point load 1 (Input as Float) (m)
A7: ="- Load 2: Value of subjected elemental point load 2 (Input as Float) ("&'User Defined Units'!$B$10&")" -> - Load 2: Value of subjected elemental point load 2 (Input as Float) (kN)
A8: ="- Location 2: Location of subjected elemental point load 2 (Input as Float) ("&'User Defined Units'!$B$11&")" -> - Location 2: Location of subjected elemental point load 2 (Input as Float) (m)
A9: ="- Load 3: Value of subjected elemental point load 3 (Input as Float) ("&'User Defined Units'!$B$10&")" -> - Load 3: Value of subjected elemental point load 3 (Input as Float) (kN)
A10: ="- Location 3: Location of subjected elemental point load 3 (Input as Float) ("&'User Defined Units'!$B$11&")" -> - Location 3: Location of subjected elemental point load 3 (Input as Float) (m)
A11: ="- Load 4: Value of subjected elemental point load 4 (Input as Float) ("&'User Defined Units'!$B$10&")" -> - Load 4: Value of subjected elemental point load 4 (Input as Float) (kN)
A12: ="- Location 4: Location of subjected elemental point load 4 (Input as Float) ("&'User Defined Units'!$B$11&")" -> - Location 4: Location of subjected elemental point load 4 (Input as Float) (m)
A14: Element | B14: Load Case | C14: Direction | D14: Load 1 | E14: Location 1 | F14: Load 2 | G14: Location 2 | H14: Load 3 | I14: Location 3 | J14: Load 4 | K14: Location 4
A15: 101 | B15: Dead | C15: Gravity | D15: -100 | E15: 4
A16: 102 | B16: Dead | C16: Gravity | D16: -75 | E16: 4

Sheet Distributed Elemental Loads
A1: Descriptions:
A2: - Element: Element name to be subjected distributed elemental load (Choose from the list)
A3: - Load Case: Load case of subjected distributed elemental load (Choose from the list)
A4: - Direction: Direction of all subjected distributed elemental load (Uniform, Load 1 - Load 4) (Choose from the list)
A5: ="- Uniform Load: Value of subjected uniform distributed elemental load (Input as Float) ("&'User Defined Units'!$B$10&"/"&'User Defined Units'!$B$11&")" -> - Uniform Load: Value of subjected uniform distributed elemental load (Input as Float) (kN/m)
A6: ="- Load 1: Value of subjected distributed elemental load 1 (Input as Float) ("&'User Defined Units'!$B$10&"/"&'User Defined Units'!$B$11&")" -> - Load 1: Value of subjected distributed elemental load 1 (Input as Float) (kN/m)
A7: ="- Location 1: Location of subjected distributed elemental load 1 (Input as Float) ("&'User Defined Units'!$B$11&")" -> - Location 1: Location of subjected distributed elemental load 1 (Input as Float) (m)
A8: ="- Load 2: Value of subjected distributed elemental load 2 (Input as Float) ("&'User Defined Units'!$B$10&"/"&'User Defined Units'!$B$11&")" -> - Load 2: Value of subjected distributed elemental load 2 (Input as Float) (kN/m)
A9: ="- Location 2: Location of subjected distributed elemental load 2 (Input as Float) ("&'User Defined Units'!$B$11&")" -> - Location 2: Location of subjected distributed elemental load 2 (Input as Float) (m)
A10: ="- Load 3: Value of subjected distributed elemental load 3 (Input as Float) ("&'User Defined Units'!$B$10&"/"&'User Defined Units'!$B$11&")" -> - Load 3: Value of subjected distributed elemental load 3 (Input as Float) (kN/m)
A11: ="- Location 3: Location of subjected distributed elemental load 3 (Input as Float) ("&'User Defined Units'!$B$11&")" -> - Location 3: Location of subjected distributed elemental load 3 (Input as Float) (m)
A12: ="- Load 4: Value of subjected distributed elemental load 4 (Input as Float) ("&'User Defined Units'!$B$10&"/"&'User Defined Units'!$B$11&")" -> - Load 4: Value of subjected distributed elemental load 4 (Input as Float) (kN/m)
A13: ="- Location 4: Location of subjected distributed elemental load 4 (Input as Float) ("&'User Defined Units'!$B$11&")" -> - Location 4: Location of subjected distributed elemental load 4 (Input as Float) (m)
A15: Element | B15: Load Case | C15: Direction | D15: Uniform Load | E15: Load 1 | F15: Location 1 | G15: Load 2 | H15: Location 2 | I15: Load 3 | J15: Location 3 | K15: Load 4 | L15: Location 4
A16: 101 | B16: Dead | C16: Gravity | D16: 7.04
A17: 102 | B17: Dead | C17: Gravity | D17: 7.04
A18: 103 | B18: Dead | C18: Gravity | D18: 7.04
A19: 104 | B19: Dead | C19: Gravity | D19: 7.04
A20: 117 | B20: Dead | C20: Gravity | D20: 7.04
A21: 118 | B21: Dead | C21: Gravity | D21: 7.04
A22: 119 | B22: Dead | C22: Gravity | D22: 7.04
A23: 120 | B23: Dead | C23: Gravity | D23: 7.04
A24: 181 | B24: Dead | C24: Gravity | D24: 7.04
A25: 185 | B25: Dead | C25: Gravity | D25: 7.04
A26: 186 | B26: Dead | C26: Gravity | D26: 7.04
A27: 190 | B27: Dead | C27: Gravity | D27: 7.04
... A79: 260 | B79: Dead | C79: Gravity | D79: 2.41

Sheet Shell to Elemental Loads
A1: Descriptions:
A2: - Shell: Shell name to be subjected shell to elemental load (Choose from the list)
A3: - Load Case: Load case of subjected shell to elemental load (Choose from the list)
A4: - Direction: Direction of subjected shell to elemental load (Choose from the list)
A5: ="- Load: Value of subjected shell to elemental load (Input as Float) ("&'User Defined Units'!$B$10&"/"&'User Defined Units'!$B$11&"2)" -> - Load: Value of subjected shell to elemental load (Input as Float) (kN/m2)
A7: Shell | B7: Load Case | C7: Direction | D7: Load
A8: 1 | B8: Dead | C8: Gravity | D8: 1.11
A9: 2 | B9: Dead | C9: Gravity | D9: 1.11
A10: 3 | B10: Dead | C10: Gravity | D10: 1.11
A11: 4 | B11: Dead | C11: Gravity | D11: 1.11
A12: 5 | B12: Dead | C12: Gravity | D12: 1.11
A13: 6 | B13: Dead | C13: Gravity | D13: 1.11
A14: 7 | B14: Dead | C14: Gravity | D14: 1.11
A15: 8 | B15: Dead | C15: Gravity | D15: 1.11
A16: 9 | B16: Dead | C16: Gravity | D16: 1.11
A17: 10 | B17: Dead | C17: Gravity | D17: 1.11
A18: 11 | B18: Dead | C18: Gravity | D18: 1.11
A19: 12 | B19: Dead | C19: Gravity | D19: 1.11
... A135: 64 | B135: Live Roof | C135: Gravity | D135: 0.58
