Workbook
Name Base_Mat: Materials!$A$14:$A$1013
Name Base_Mat_Conc: ListDB!$D$2:$D$1001
Name Base_Mat_Steel: ListDB!$E$2:$E$1001
Name Base_Sec: 'Frame Sections'!$A$17:$A$1016
Name Int_Type_Con: ListDB!$H$2:$H$1001
Name Int_Type_Dist: ListDB!$G$2:$G$1001
Name LC_Type: ListDB!$K$2:$K$1001
Name Line_ID: 'Line Objects'!$A$14:$A$1048576
Name Mat_Name: ListDB!$C$2:$C$1001
Name Mat_Type: ListDB!$B$2:$B$1001
Name MatDB: Materials!$A$14:$E$1013
Name NL_Mat_Name: ListDB!$F$2:$F$1001
Name Point_ID: 'Point Objects'!$A$8:$A$1048576
Name Sec_Name: ListDB!$J$2:$J$1001
Name Sec_Shape: ListDB!$I$2:$I$1001
Name SecDB: 'Frame Sections'!$A$17:$M$1016
Name SecFiberDB: Sec_Fiber!$A$19:$O$1018
Name Slab_Sec: 'Slab Sections'!$A$7:$A$1006
Name Surface_ID: 'Surface Objects'!$A$10:$A$1048576
Name Unit_Angle: ListDB!$Q$2:$Q$3
Name Unit_Force: ListDB!$L$2:$L$8
Name Unit_Length: ListDB!$M$2:$M$6
Name Unit_Mass: ListDB!$N$2:$N$6
Name Unit_Stress: ListDB!$O$2:$O$9
Name Unit_Time: ListDB!$P$2:$P$3

Sheet Design Preferences
A1: Parameter | B1: Value
A2: Project Name | B2: 4-Storeys Building
A3: Project Description | B3: Structural analysis of 4-Storeys building
A4: Default Units | B4: SI (N-m)

Sheet ListDB
A1: Plasticity Model | B1: Material Type | C1: Material Name | D1: Material Concrete | E1: Material Steel/Rebar | F1: NL Material Name | G1: Integration Type for Distributed Plasticity | H1: Integration Type for Concentrated Plasticity | I1: Section Shape | J1: Section Name | K1: Load Case Type | L1: Unit of Force | M1: Unit of Length | N1: Unit of Mass | O1: Unit of Stress | P1: Unit of Time | Q1: Unit of Angle
A2: Concentrated Plasticity (with Zero length element) | B2: Concrete | C2: {=_xlfn.LET(_xlpm.data, _xlfn.VSTACK(Materials!$A$14:$A$1013,Mat_Concrete04!$A$13:$A$1012,Mat_Steel02!$A$19:$A$1018,Mat_IMK!$A$20:$A$1019), _xlfn._xlws.FILTER(_xlpm.data, _xlpm.data<>""))} -> RC30 | D2: {=_xlfn._xlws.FILTER(Materials!A14:A1013,(Materials!B14:B1013="Concrete")*(Materials!A14:A1013<>""))} -> RC30 | E2: {=_xlfn._xlws.FILTER(Materials!A14:A1013,((Materials!B14:B1013="Rebar")+(Materials!B14:B1013="Steel"))*(Materials!A14:A1013<>""))} -> Rebar420 | F2: {=_xlfn.LET(_xlpm.data, _xlfn.VSTACK(Mat_Concrete04!$A$13:$A$1012,Mat_Steel02!$A$19:$A$1018), _xlfn._xlws.FILTER(_xlpm.data, _xlpm.data<>""))} -> RC Unconfined | G2: Lobatto | H2: HingeRadau | I2: Rectangular | J2: {=_xlfn.LET(_xlpm.data, _xlfn.VSTACK('Frame Sections'!$A$17:$A$1016,Sec_Fiber!$A$19:$A$1018,Sec_Aggregator!$A$9:$A$1008), _xlfn._xlws.FILTER(_xlpm.data, _xlpm.data<>""))} -> C1 | K2: D | L2: N | M2: m | N2: kg | O2: Pa | P2: s | Q2: rad
A3: Concentrated Plasticity (Element with hinge) | B3: Rebar | C3: Rebar420 | F3: RC Confined | J3: B1 | K3: L | L3: kN | M3: mm | N3: gr | O3: kPa | P3: ms | Q3: deg
A4: Fibre Model | B4: Steel | C4: RC Unconfined | F4: Rebar420NL | J4: C1_Fiber | K4: Lr | L4: MN | M4: cm | N4: ton | O4: MPa
C5: RC Confined | J5: C1_Fiber_Agg | K5: E | L5: kgf | M5: ft | N5: lbs | O5: GPa
C6: Rebar420NL | K6: W | L6: tonf | M6: in | N6: kip | O6: psi
C7: Rotational Spring | L7: lbf | O7: psf
L8: kipf | O8: ksi
O9: ksf

Sheet Instructions
A1: Instructions:
A2: 1 | B2: Do not rename the file
A3: 2 | B3: Do not delete unused sheet
A4: 3 | B4: Cells with a white background are user-inputted
A5: 4 | B5: To change unitsystem, choose units for each measurement at "User Specified Unitsystem" sheet
A6: 5 | B6: All units for user-inputted values should follow user specified unitsystem

Sheet Project Information
A1: Descriptions:
A2: - Project Name: Name of the project (Input as String)
A3: - Project Description: Description of the project (Input as String)
A4: - Model Dimensional Space: Dimensional space to be used (Choose from the list)
A6: Item | B6: Value
A7: Project Name | B7: 4-Storeys Building
A8: Project Description | B8: Structural analysis of 4-Storeys building
A9: Model Dimensional Space | B9: 3-Dimensional

Sheet User Defined Units
A1: Descriptions:
A2: - Force: Unit for force (Choose from the list)
A3: - Length: Unit for length and its derivation (Choose from the list)
A4: - Mass: Unit for mass (Choose from the list)
A5: - Stress: Unit for stress (Choose from the list)
A6: - Time: Unit for time (Choose from the list)
A7: - Angle: Unit for angle (Choose from the list)
A9: Item | B9: Value
A10: Force | B10: kN
A11: Length | B11: m
A12: Mass | B12: kg
A13: Stress | B13: MPa
A14: Time | B14: s
A15: Angle | B15: rad

Sheet Analysis Preferences
A1: Descriptions:
A2: - Nonlinear Analysis: Preference to perform nonlinear analysis (Choose from the list)
A3: - P-Delta: Preference to include P-Delta in analysis (Choose from the list)
A4: - LL Mass Factor: Factor for liveload used in computing structural mass (Input as Float)
A6: Item | B6: Value
A7: Nonlinear Analysis | B7: No
A8: P-Delta | B8: Yes
A9: LL Mass Factor | B9: 0.25

Sheet Materials
A1: Descriptions:
A2: - Material Name: Name of material (Input as String)
A3: - Material Type: Type of material (Choose from the list)
A4: ="- E: Modulus of elasticity of material (Input as Float) ("&'User Defined Units'!$B$13&")" -> - E: Modulus of elasticity of material (Input as Float) (MPa)
A5: - nu: Poisson's ratio of material (Input as Float)
A6: ="- Unitweight: Unitweight of material (Input as Float) ("&'User Defined Units'!$B$10&"/"&'User Defined Units'!$B$11&"3)" -> - Unitweight: Unitweight of material (Input as Float) (kN/m3)
A7: ="- fc: Maximum compressive strength of material, keep 0.0 if it is not related (Input as Float) ("&'User Defined Units'!$B$13&")" -> - fc: Maximum compressive strength of material, keep 0.0 if it is not related (Input as Float) (MPa)
A8: ="- fy: Yield strength of material, keep 0.0 value if it is not related (Input as Float) ("&'User Defined Units'!$B$13&")" -> - fy: Yield strength of material, keep 0.0 value if it is not related (Input as Float) (MPa)
A9: ="- fu: Ultimate tensile strength of material, keep 0.0 value if it is not related (Input as Float) ("&'User Defined Units'!$B$13&")" -> - fu: Ultimate tensile strength of material, keep 0.0 value if it is not related (Input as Float) (MPa)
A10: Note:
A11: - Keep red-colored cells with a value of 0.0
A13: Material Name | B13: Material Type | C13: E | D13: nu | E13: Unitweight | F13: fc | G13: fy | H13: fu
A14: RC30 | B14: Concrete | C14: =4700*SQRT(F14) -> 25742.96 | D14: 0.2 | E14: 23.6 | F14: =30 -> 30 | G14: 0 | H14: 0
A15: Rebar420 | B15: Rebar | C15: =200000 -> 200000 | D15: 0.3 | E15: =7850*9.80665/1000 -> 76.982202 | F15: 0 | G15: =420 -> 420 | H15: =525 -> 525

Sheet Mat_Concrete04
A1: Descriptions:
A2: - Material Name: Name of nonlinear material (Input as String)
A3: - Base Material: Base material of nonlinear material (Choose from the list)
A4: - Material Model: Opensees material model
A5: ="- fc: Maximum compressive strength of concrete (Input as Float) ("&'User Defined Units'!$B$13&")" -> - fc: Maximum compressive strength of concrete (Input as Float) (MPa)
A6: - epsc: Strain at maximum compressive strength of concrete (Input as Float)
A7: - epscu: Strain at crushing strength of concrete (Input as Float)
A8: ="- fct: Maximum tensile strength of concrete (Input as Float) ("&'User Defined Units'!$B$13&")" -> - fct: Maximum tensile strength of concrete (Input as Float) (MPa)
A9: - et: Strain at maximum tensile strength of concrete, set value = 0.0 to use default value which is calculated using equation: et = fct / Esec, Esec = fc / epsc (Input as Float)
A10: - beta: Exponential curve parameter to define the residual stress (as a factor of fct) at etu
A12: Material Name | B12: Base Material | C12: Material Model | D12: fc | E12: epsc | F12: epscu | G12: fct | H12: et | I12: beta
A13: RC Unconfined | B13: RC30 | C13: =IF(A13=0,"","Concrete04") -> Concrete04 | D13: =30 -> 30 | E13: 0.002 | F13: 0.005 | G13: =0.62*SQRT(D13) -> 3.3958799 | H13: 0 | I13: 0.2
A14: RC Confined | B14: RC30 | C14: =IF(A14=0,"","Concrete04") -> Concrete04 | D14: =47.2156312521873 -> 47.215631 | E14: 0.0077385438 | F14: 0.022428475 | G14: =0.62*SQRT(D13) -> 3.3958799 | H14: 0 | I14: 0.2
C15: =IF(A15=0,"","Concrete04")
C16: =IF(A16=0,"","Concrete04")
C17: =IF(A17=0,"","Concrete04")
C18: =IF(A18=0,"","Concrete04")
C19: =IF(A19=0,"","Concrete04")
C20: =IF(A20=0,"","Concrete04")
C21: =IF(A21=0,"","Concrete04")
C22: =IF(A22=0,"","Concrete04")
C23: =IF(A23=0,"","Concrete04")
C24: =IF(A24=0,"","Concrete04")
C25: =IF(A25=0,"","Concrete04")
C26: =IF(A26=0,"","Concrete04")
... C1012: =IF(A1012=0,"","Concrete04")

Sheet Mat_Steel02
A1: Descriptions:
A2: - Material Name: Name of nonlinear material (Input as String)
A3: - Base Material: Base material of nonlinear material (Choose from the list)
A4: - Material Model: Opensees material model
A5: ="- fy: Yield strength of rebar/steel (Input as float) ("&'User Defined Units'!$B$13&")" -> - fy: Yield strength of rebar/steel (Input as float) (MPa)
A6: ="- fu: Ultimate tensile strength of rebar/steel (Input as float) ("&'User Defined Units'!$B$13&")" -> - fu: Ultimate tensile strength of rebar/steel (Input as float) (MPa)
A7: - eu: Strain at ultimate tensile strength of rebar/steel (Input as Float)
A8: - b: Strain-hardening ratio, set value = 0.0 to use default value which is calculated using equation: b = Epy / E, Epy = (fu - fy) / (eu - eoffset), eoffset = (fy / E) + 0.2% (Input as Float)
A9: - R0: Parameters to control the transition from elastic to plastic branches, recommended value = 10-20 (Input as Integer)
A10: - cR1: Parameters to control the transition from elastic to plastic branches, recommended value = 0.925 (Input as Float)
A11: - cR2: Parameters to control the transition from elastic to plastic branches, recommended value = 0.15 (Input as Float)
A12: - a1: Isotropic hardening parameter, increase of compression yield envelope as proportion of yield strength after a plastic strain of a2*(fy / E), default value = 0.0 (Input as Float)
A13: - a2: Isotropic hardening parameter, default value = 1.0 (Input as Float)
A14: - a3: Isotropic hardening parameter, increase of tension yield envelope as proportion of yield strength after a plastic strain of a4*(fy / E), default value = 0.0 (Input as Float)
A15: - a4: Isotropic hardening parameter, default value = 1.0 (Input as Float)
A16: ="- f_init: Initial stress value, default value = 0.0 (Input as Float) ("&'User Defined Units'!$B$13&")" -> - f_init: Initial stress value, default value = 0.0 (Input as Float) (MPa)
A18: Material Name | B18: Base Material | C18: Material Model | D18: fy | E18: fu | F18: eu | G18: b | H18: R0 | I18: cR1 | J18: cR2 | K18: a1 | L18: a2 | M18: a3 | N18: a4 | O18: f_init
A19: Rebar420NL | B19: Rebar420 | C19: =IF(A19=0,"","Steel02") -> Steel02 | D19: =420 -> 420 | E19: =525 -> 525 | F19: 0.08 | G19: 0 | H19: 20 | I19: 0.925 | J19: 0.15 | K19: 0 | L19: 1 | M19: 0 | N19: 1 | O19: 0
C20: =IF(A20=0,"","Steel02")
C21: =IF(A21=0,"","Steel02")
C22: =IF(A22=0,"","Steel02")
C23: =IF(A23=0,"","Steel02")
C24: =IF(A24=0,"","Steel02")
C25: =IF(A25=0,"","Steel02")
C26: =IF(A26=0,"","Steel02")
C27: =IF(A27=0,"","Steel02")
C28: =IF(A28=0,"","Steel02")
C29: =IF(A29=0,"","Steel02")
C30: =IF(A30=0,"","Steel02")
C31: =IF(A31=0,"","Steel02")
... C1018: =IF(A1018=0,"","Steel02")

Sheet Mat_MinMax
A1: Descriptions:
A2: - Material Name: Name of material (Input as String)
A3: - Base NL Material: Base nonlinear material of material (Choose from the list)
A4: - Material Model: Opensees material model
A5: - ecmax: Maximum compression strain (Input as Float)
A6: - etmax: Maximum tension strain (Input as Float)
A8: Material Name | B8: Base NL Material | C8: Material Model | D8: ecmax | E8: etmax
A9: RebarMinMax | B9: Rebar420NL | C9: =IF(A9=0,"","MinMax") -> MinMax | D9: 0.08 | E9: 0.08
C10: =IF(A10=0,"","MinMax")
C11: =IF(A11=0,"","MinMax")
C12: =IF(A12=0,"","MinMax")
C13: =IF(A13=0,"","MinMax")
C14: =IF(A14=0,"","MinMax")
C15: =IF(A15=0,"","MinMax")
C16: =IF(A16=0,"","MinMax")
C17: =IF(A17=0,"","MinMax")
C18: =IF(A18=0,"","MinMax")
C19: =IF(A19=0,"","MinMax")
C20: =IF(A20=0,"","MinMax")
C21: =IF(A21=0,"","MinMax")
... C1008: =IF(A1008=0,"","MinMax")

Sheet Mat_IMK
A1: Descriptions:
A2: - Material Name: Name of material (Input as String) | P2: - Lamda_A: Cyclic deterioration parameter for accelerated reloading stiffness deterioration [E_t=Lamda_A*M_y, see Lignos and Krawinkler (2011)], keep 0.0 value to disable this mode of deterioration (Input as Float)
A3: - Material Model: Opensees material model (Choose from the list) | P3: - Lamda_K: Cyclic deterioration parameter for unloading stiffness deterioration [E_t=Lamda_K*M_y, see Lignos and Krawinkler (2011)], keep 0.0 value to disable this mode of deterioration (Input as Float)
A4: ="- K0: Elastic stiffness (Input as Float) ("&'User Defined Units'!$B$10&"-"&'User Defined Units'!$B$11&"/"&'User Defined Units'!$B$15&")" -> - K0: Elastic stiffness (Input as Float) (kN-m/rad) | P4: - c_S: Rate of strength deterioration, default value is 1.0 (Input as Float)
A5: - as_Pos: Strain hardening ratio for positive loading direction, set value = 0.0 to use default value which is calculated using equation: as_Pos = Kpy_Pos / K0, Kpy_Pos = (Mu_Pos - My_Pos) / (theta_p_Pos - theta_e_Pos), theta_e_Pos = My_Pos / K0 (Input as Float) | P5: - c_C: Rate of post-capping strength deterioration, default value is 1.0 (Input as Float)
A6: - as_Neg: Strain hardening ratio for negative loading direction, set value = 0.0 to use default value which is calculated using equation: as_Neg = Kpy_Neg / K0, Kpy_Neg = (Mu_Neg - My_Neg) / (theta_p_Neg - theta_e_Neg), theta_e_Neg = My_Neg / K0 (Input as Float) | P6: - c_A: Rate of accelerated reloading deterioration, default value is 1.0 (Input as Float)
A7: ="- My_Pos: Effective yield strength for positive loading direction (Input as Float) ("&'User Defined Units'!$B$10&"-"&'User Defined Units'!$B$11&")" -> - My_Pos: Effective yield strength for positive loading direction (Input as Float) (kN-m) | P7: - c_K: Rate of unloading stiffness deterioration, default value is 1.0 (Input as Float)
A8: ="- My_Neg: Effective yield strength for negative loading direction (Input as Float) ("&'User Defined Units'!$B$10&"-"&'User Defined Units'!$B$11&")" -> - My_Neg: Effective yield strength for negative loading direction (Input as Float) (kN-m) | P8: - theta_p_Pos: Pre-capping rotation for positive loading direction, often noted as plastic rotation capacity (Input as Float)
A9: ="- Mu_Pos: Effective ultimate strength for positive loading direction (Input as Float) ("&'User Defined Units'!$B$10&"-"&'User Defined Units'!$B$11&")" -> - Mu_Pos: Effective ultimate strength for positive loading direction (Input as Float) (kN-m) | P9: - theta_p_Neg: Pre-capping rotation for negative loading direction, often noted as plastic rotation capacity (Input as Float)
A10: ="- Mu_Neg: Effective ultimate strength for negative loading direction (Input as Float) ("&'User Defined Units'!$B$10&"-"&'User Defined Units'!$B$11&")" -> - Mu_Neg: Effective ultimate strength for negative loading direction (Input as Float) (kN-m) | P10: - theta_pc_Pos: Post-capping rotation for positive loading direction (Input as Float)
A11: - Fpr_Pos: Ratio of the force at which reloading begins to force corresponding to the maximum historic deformation demand (positive loading direction), keep 0.0 if it is not related, use this when using IMKPinching model (Input as Float) | P11: - theta_pc_Neg: Post-capping rotation for negative loading direction (Input as Float)
A12: - Fpr_Neg: Ratio of the force at which reloading begins to force corresponding to the maximum historic deformation demand (negative loading direction), keep 0.0 if it is not related, use this when using IMKPinching model (Input as Float) | P12: - Res_Pos: Residual strength ratio for positive loading direction (Input as Float)
A13: - A_pinch: Ratio of reloading stiffness, keep 0.0 if it is not related, use this when using IMKPinching model (Input as Float) | P13: - Res_Neg: Residual strength ratio for negative loading direction (Input as Float)
A14: - nFactor: Elastic stiffness amplification factor, use this when using IMKBilinear (Input as Float) | P14: - theta_u_Pos: Ultimate rotation capacity for positive loading direction (Input as Float)
A15: - Lamda_S: Cyclic deterioration parameter for strength deterioration [E_t=Lamda_S*M_y, see Lignos and Krawinkler (2011)], keep 0.0 value to disable this mode of deterioration (Input as Float) | P15: - theta_u_Neg: Ultimate rotation capacity for negative loading direction (Input as Float)
A16: - Lamda_C: Cyclic deterioration parameter for post-capping strength deterioration [E_t=Lamda_C*M_y, see Lignos and Krawinkler (2011)], keep 0.0 value to disable this mode of deterioration (Input as Float) | P16: - D_Pos: Rate of cyclic deterioration in the positive loading direction, for symmetric hysteretic response use 1.0 (Input as Float)
P17: - D_Neg: Rate of cyclic deterioration in the negative loading direction, for symmetric hysteretic response use 1.0 (Input as Float)
A19: Material Name | B19: Material Model | C19: K0 | D19: as_Pos | E19: as_Neg | F19: My_Pos | G19: My_Neg | H19: Mu_Pos | I19: Mu_Neg | J19: Fpr_Pos | K19: Fpr_Neg | L19: A_pinch | M19: nFactor | N19: Lamda_S | O19: Lamda_C | P19: Lamda_A | Q19: Lamda_K | R19: c_S | S19: c_C | T19: c_A | U19: c_K | V19: theta_p_Pos | W19: theta_p_Neg | X19: theta_pc_Pos | Y19: theta_pc_Neg | Z19: Res_Pos | AA19: Res_Neg | AB19: theta_u_Pos | AC19: theta_u_Neg | AD19: D_Pos | AE19: D_Neg
A20: Rotational Spring | B20: IMKPeakOriented | C20: 114958.97 | D20: 0 | E20: 0 | F20: 243.1692 | G20: 388.622 | H20: =F20*1.1 -> 267.48612 | I20: =G20*1.1 -> 427.4842 | J20: 0 | K20: 0 | L20: 0 | M20: 0 | N20: 0 | O20: 0 | P20: 0 | Q20: 0 | R20: 1 | S20: 1 | T20: 1 | U20: 1 | V20: 0.022268113 | W20: 0.022268113 | X20: 0.022268113 | Y20: 0.022268113 | Z20: 0.2 | AA20: 0.2 | AB20: 0.041385683 | AC20: 0.041385683 | AD20: 1 | AE20: 1

Sheet Frame Sections
A1: Descriptions:
A2: - Section Name: Name of section (Input as String)
A3: - Section Shape: Shape of section (Choose from the list)
A4: - Base Material: Base material of section (Choose from the list)
A5: - Section Model: Opensees section model
A6: - Element Type: Type of element (Choose from the list)
A7: ="- h: Section height (Input as Float) ("&'User Defined Units'!$B$11&")" -> - h: Section height (Input as Float) (m)
A8: ="- b: Section width (Input as Float) ("&'User Defined Units'!$B$11&")" -> - b: Section width (Input as Float) (m)
A9: - k_A: Modifier for area (Input as Float)
A10: - k_Avy: Modifier for shear area along local y-axis (Input as Float)
A11: - k_Avz: Modifier for shear area along local z-axis (Input as Float)
A12: - k_Iz: Modifier for second moment of area about local z-axis (Input as Float)
A13: - k_Iy: Modifier for second moment of area about local y-axis (Input as Float)
A14: - k_Jxx: Modifier for torsional constant (Input as Float)
A16: Section Name | B16: Section Shape | C16: Element Type | D16: Base Material | E16: Section Model | F16: h | G16: b | H16: k_A | I16: k_Avy | J16: k_Avz | K16: k_Iz | L16: k_Iy | M16: k_Jxx
A17: C1 | B17: Rectangular | C17: Column | D17: RC30 | E17: =IF(A17=0,"","Elastic") -> Elastic | F17: 0.7 | G17: 0.7 | H17: 1 | I17: 1 | J17: 1 | K17: 0.7 | L17: 0.7 | M17: 1
A18: B1 | B18: Rectangular | C18: Beam | D18: RC30 | E18: =IF(A18=0,"","Elastic") -> Elastic | F18: 0.6 | G18: 0.3 | H18: 1 | I18: 1 | J18: 1 | K18: 0.35 | L18: 0.35 | M18: 1
E19: =IF(A19=0,"","Elastic")
E20: =IF(A20=0,"","Elastic")
E21: =IF(A21=0,"","Elastic")
E22: =IF(A22=0,"","Elastic")
E23: =IF(A23=0,"","Elastic")
E24: =IF(A24=0,"","Elastic")
E25: =IF(A25=0,"","Elastic")
E26: =IF(A26=0,"","Elastic")
E27: =IF(A27=0,"","Elastic")
E28: =IF(A28=0,"","Elastic")
E29: =IF(A29=0,"","Elastic")
E30: =IF(A30=0,"","Elastic")
... E1016: =IF(A1016=0,"","Elastic")

Sheet Sec_Fiber
A1: Descriptions:
A2: - Section Name: Name of fiber section (Input as String)
A3: - Base Section: Base section of fiber section (Choose from the list)
A4: - Integration Type: Numerical integration formulation of fiber section (Choose from the list)
A5: - Material 1: Material 1 of fiber section, if fiber section is concrete, set material 1 with material of concrete cover (Choose from the list)
A6: - Material 2: Material 2 of fiber section, if fiber section is concrete, set material 2 with material of concrete core (Choose from the list)
A7: - Material 3: Material 3 of fiber section, if fiber section is concrete, set material 3 with material of reinforcement (Choose from the list)
A8: - Section Model: Opensees section model
A9: - cover: Concrete cover (Input as Float)
A10: - nBarsTop: Number of top reinforcements (Input as Integer)
A11: - nBarsBot: Number of bottom reinforcements (Input as Integer)
A12: - nBarsInt: Number of intermediate reinforcements (Input as Integer)
A13: ="- barDiaHoop: Diameter of hoops (Input as Float) ("&'User Defined Units'!$B$11&")" -> - barDiaHoop: Diameter of hoops (Input as Float) (m)
A14: ="- barDiaTop: Diameter of top reinforcements (Input as Float) ("&'User Defined Units'!$B$11&")" -> - barDiaTop: Diameter of top reinforcements (Input as Float) (m)
A15: ="- barDiaBot: Diameter of bottom reinforcements (Input as Float) ("&'User Defined Units'!$B$11&")" -> - barDiaBot: Diameter of bottom reinforcements (Input as Float) (m)
A16: ="- barDiaInt: Diameter of intermediate reinforcements (Input as Float) ("&'User Defined Units'!$B$11&")" -> - barDiaInt: Diameter of intermediate reinforcements (Input as Float) (m)
A18: Section Name | B18: Base Section | C18: Integration Type | D18: Material 1 | E18: Material 2 | F18: Material 3 | G18: Section Model | H18: cover | I18: nBarsTop | J18: nBarsBot | K18: nBarsInt | L18: barDiaHoop | M18: barDiaTop | N18: barDiaBot | O18: barDiaInt
A19: C1_Fiber | B19: C1 | C19: Lobatto | D19: RC Unconfined | E19: RC Confined | F19: Rebar420NL | G19: =IF(A19=0,"","Fiber") -> Fiber | H19: =40/1000 -> 0.04 | I19: 7 | J19: 7 | K19: 10 | L19: =13/1000 -> 0.013 | M19: =22/1000 -> 0.022 | N19: =22/1000 -> 0.022 | O19: =22/1000 -> 0.022
G20: =IF(A20=0,"","Fiber")
G21: =IF(A21=0,"","Fiber")
G22: =IF(A22=0,"","Fiber")
G23: =IF(A23=0,"","Fiber")
G24: =IF(A24=0,"","Fiber")
G25: =IF(A25=0,"","Fiber")
G26: =IF(A26=0,"","Fiber")
G27: =IF(A27=0,"","Fiber")
G28: =IF(A28=0,"","Fiber")
G29: =IF(A29=0,"","Fiber")
G30: =IF(A30=0,"","Fiber")
G31: =IF(A31=0,"","Fiber")
... G1018: =IF(A1018=0,"","Fiber")

Sheet Sec_Aggregator
A1: Descriptions:
A2: - Section Name: Name of section aggregator (Input as String)
A3: - Aggregated Section: Name of aggregated section (Choose from the list)
A4: - Base Material: Base material of section, automatically filled based on chosen aggregated section
A5: - Section Model: Opensees section model
A6: - Aggregator Type: Type of section aggregator (Choose from the list)
A8: Section Name | B8: Aggregated Section | C8: Base Material | D8: Section Model | E8: Aggregator Type
A9: C1_Fiber_Agg | B9: C1_Fiber | C9: =IF(A9=0,"",IF(IF(COUNTIF(Sec_Fiber!$A$19:$A$1018,B9)>0,TRUE,FALSE)=FALSE,VLOOKUP(B9,SecDB,4,FALSE),VLOOKUP(VLOOKUP(B9,SecFiberDB,2,FALSE),SecDB,4,FALSE))) -> RC30 | D9: =IF(A9=0,"","Aggregator") -> Aggregator | E9: Shear Stiffness
C10: =IF(A10=0,"",IF(IF(COUNTIF(Sec_Fiber!$A$19:$A$1018,B10)>0,TRUE,FALSE)=FALSE,VLOOKUP(B10,SecDB,4,FALSE),VLOOKUP(VLOOKUP(B10,SecFiberDB,2,FALSE),SecDB,4,FALSE))) | D10: =IF(A10=0,"","Aggregator")
C11: =IF(A11=0,"",IF(IF(COUNTIF(Sec_Fiber!$A$19:$A$1018,B11)>0,TRUE,FALSE)=FALSE,VLOOKUP(B11,SecDB,4,FALSE),VLOOKUP(VLOOKUP(B11,SecFiberDB,2,FALSE),SecDB,4,FALSE))) | D11: =IF(A11=0,"","Aggregator")
C12: =IF(A12=0,"",IF(IF(COUNTIF(Sec_Fiber!$A$19:$A$1018,B12)>0,TRUE,FALSE)=FALSE,VLOOKUP(B12,SecDB,4,FALSE),VLOOKUP(VLOOKUP(B12,SecFiberDB,2,FALSE),SecDB,4,FALSE))) | D12: =IF(A12=0,"","Aggregator")
C13: =IF(A13=0,"",IF(IF(COUNTIF(Sec_Fiber!$A$19:$A$1018,B13)>0,TRUE,FALSE)=FALSE,VLOOKUP(B13,SecDB,4,FALSE),VLOOKUP(VLOOKUP(B13,SecFiberDB,2,FALSE),SecDB,4,FALSE))) | D13: =IF(A13=0,"","Aggregator")
C14: =IF(A14=0,"",IF(IF(COUNTIF(Sec_Fiber!$A$19:$A$1018,B14)>0,TRUE,FALSE)=FALSE,VLOOKUP(B14,SecDB,4,FALSE),VLOOKUP(VLOOKUP(B14,SecFiberDB,2,FALSE),SecDB,4,FALSE))) | D14: =IF(A14=0,"","Aggregator")
C15: =IF(A15=0,"",IF(IF(COUNTIF(Sec_Fiber!$A$19:$A$1018,B15)>0,TRUE,FALSE)=FALSE,VLOOKUP(B15,SecDB,4,FALSE),VLOOKUP(VLOOKUP(B15,SecFiberDB,2,FALSE),SecDB,4,FALSE))) | D15: =IF(A15=0,"","Aggregator")
C16: =IF(A16=0,"",IF(IF(COUNTIF(Sec_Fiber!$A$19:$A$1018,B16)>0,TRUE,FALSE)=FALSE,VLOOKUP(B16,SecDB,4,FALSE),VLOOKUP(VLOOKUP(B16,SecFiberDB,2,FALSE),SecDB,4,FALSE))) | D16: =IF(A16=0,"","Aggregator")
C17: =IF(A17=0,"",IF(IF(COUNTIF(Sec_Fiber!$A$19:$A$1018,B17)>0,TRUE,FALSE)=FALSE,VLOOKUP(B17,SecDB,4,FALSE),VLOOKUP(VLOOKUP(B17,SecFiberDB,2,FALSE),SecDB,4,FALSE))) | D17: =IF(A17=0,"","Aggregator")
C18: =IF(A18=0,"",IF(IF(COUNTIF(Sec_Fiber!$A$19:$A$1018,B18)>0,TRUE,FALSE)=FALSE,VLOOKUP(B18,SecDB,4,FALSE),VLOOKUP(VLOOKUP(B18,SecFiberDB,2,FALSE),SecDB,4,FALSE))) | D18: =IF(A18=0,"","Aggregator")
C19: =IF(A19=0,"",IF(IF(COUNTIF(Sec_Fiber!$A$19:$A$1018,B19)>0,TRUE,FALSE)=FALSE,VLOOKUP(B19,SecDB,4,FALSE),VLOOKUP(VLOOKUP(B19,SecFiberDB,2,FALSE),SecDB,4,FALSE))) | D19: =IF(A19=0,"","Aggregator")
C20: =IF(A20=0,"",IF(IF(COUNTIF(Sec_Fiber!$A$19:$A$1018,B20)>0,TRUE,FALSE)=FALSE,VLOOKUP(B20,SecDB,4,FALSE),VLOOKUP(VLOOKUP(B20,SecFiberDB,2,FALSE),SecDB,4,FALSE))) | D20: =IF(A20=0,"","Aggregator")
C21: =IF(A21=0,"",IF(IF(COUNTIF(Sec_Fiber!$A$19:$A$1018,B21)>0,TRUE,FALSE)=FALSE,VLOOKUP(B21,SecDB,4,FALSE),VLOOKUP(VLOOKUP(B21,SecFiberDB,2,FALSE),SecDB,4,FALSE))) | D21: =IF(A21=0,"","Aggregator")
... C1008: =IF(A1008=0,"",IF(IF(COUNTIF(Sec_Fiber!$A$19:$A$1018,B1008)>0,TRUE,FALSE)=FALSE,VLOOKUP(B1008,SecDB,4,FALSE),VLOOKUP(VLOOKUP(B1008,SecFiberDB,2,FALSE),SecDB,4,FALSE))) | D1008: =IF(A1008=0,"","Aggregator")

Sheet Slab Sections
A1: Descriptions:
A2: - Section Name: Name of slab section (Input as String, Max. 15 characters)
A3: - Base Material: Base amterial of slab section (Choose from the list)
A4: ="- t: Slab thickness (Input as float) ("&'User Defined Units'!$B$11&")" -> - t: Slab thickness (Input as float) (m)
A6: Section Name | B6: Base Material | C6: t
A7: S1 | B7: RC30 | C7: 0.2

Sheet Point Objects
A1: Descriptions:
A2: - Unique Name: Name used as unique identification for each point (Input as String, Max. 15 characters)
A3: ="- X: X coordinate of point objects (Input as Float) ("&'User Defined Units'!$B$11&")" -> - X: X coordinate of point objects (Input as Float) (m)
A4: ="- Y: Y coordinate of point objects (Input as Float) ("&'User Defined Units'!$B$11&")" -> - Y: Y coordinate of point objects (Input as Float) (m)
A5: ="- Z: Z coordinate of point objects (Input as Float) ("&'User Defined Units'!$B$11&")" -> - Z: Z coordinate of point objects (Input as Float) (m)
A7: Unique Name | B7: X | C7: Y | D7: Z
A8: 1 | B8: 0 | C8: 0 | D8: 0
A9: 2 | B9: 8 | C9: 0 | D9: 0
A10: 3 | B10: 16 | C10: 0 | D10: 0
A11: 4 | B11: 24 | C11: 0 | D11: 0
A12: 5 | B12: 32 | C12: 0 | D12: 0
A13: 6 | B13: 0 | C13: 8 | D13: 0
A14: 7 | B14: 8 | C14: 8 | D14: 0
A15: 8 | B15: 16 | C15: 8 | D15: 0
A16: 9 | B16: 24 | C16: 8 | D16: 0
A17: 10 | B17: 32 | C17: 8 | D17: 0
A18: 11 | B18: 0 | C18: 16 | D18: 0
A19: 12 | B19: 8 | C19: 16 | D19: 0
... A132: 125 | B132: 32 | C132: 32 | D132: 14.5

Sheet Line Objects
A1: Descriptions:
A2: - Unique Name: Name used as unique identification for each line (Input as String, Max. 15 characters)
A3: - I-End: Point object at the start (I) of the line object (Input as Integer)
A4: - J-End: Point object at the end (J) of the line object (Input as Integer)
A5: - End Offset: End Offset length preference (Choose from the list)
A6: ="- I-End Offset Length: Offset length at the start (I) of the line object (Input as Float) ("&'User Defined Units'!$B$11&")" -> - I-End Offset Length: Offset length at the start (I) of the line object (Input as Float) (m)
A7: ="-J-End Offset Length: Offset length at the end (J) of the line object (Input as Float) ("&'User Defined Units'!$B$11&")" -> -J-End Offset Length: Offset length at the end (J) of the line object (Input as Float) (m)
A8: - Section: Cross section used by each line (Choose from the list)
A9: - Zero Length Element: Option to generate point as zero length element (Choose from the list)
A10: Note:
A11: - Keep red-colored cells with a value of 0.0
A13: Unique Name | B13: I-End | C13: J-End | D13: End Offset | E13: I-End Offset Length | F13: J-End Offset Length | G13: Section | H13: Zero Length Element
A14: 1 | B14: 1 | C14: 26 | D14: Auto from Connectivity | E14: 0 | F14: 0 | G14: C1 | H14: No
A15: 2 | B15: 2 | C15: 27 | D15: Auto from Connectivity | E15: 0 | F15: 0 | G15: C1 | H15: No
A16: 3 | B16: 3 | C16: 28 | D16: Auto from Connectivity | E16: 0 | F16: 0 | G16: C1 | H16: No
A17: 4 | B17: 4 | C17: 29 | D17: Auto from Connectivity | E17: 0 | F17: 0 | G17: C1 | H17: No
A18: 5 | B18: 5 | C18: 30 | D18: Auto from Connectivity | E18: 0 | F18: 0 | G18: C1 | H18: No
A19: 6 | B19: 6 | C19: 31 | D19: Auto from Connectivity | E19: 0 | F19: 0 | G19: C1 | H19: No
A20: 7 | B20: 7 | C20: 32 | D20: Auto from Connectivity | E20: 0 | F20: 0 | G20: C1 | H20: No
A21: 8 | B21: 8 | C21: 33 | D21: Auto from Connectivity | E21: 0 | F21: 0 | G21: C1 | H21: No
A22: 9 | B22: 9 | C22: 34 | D22: Auto from Connectivity | E22: 0 | F22: 0 | G22: C1 | H22: No
A23: 10 | B23: 10 | C23: 35 | D23: Auto from Connectivity | E23: 0 | F23: 0 | G23: C1 | H23: No
A24: 11 | B24: 11 | C24: 36 | D24: Auto from Connectivity | E24: 0 | F24: 0 | G24: C1 | H24: No
A25: 12 | B25: 12 | C25: 37 | D25: Auto from Connectivity | E25: 0 | F25: 0 | G25: C1 | H25: No
... A273: 260 | B273: 120 | C273: 125 | D273: Auto from Connectivity | E273: 0 | F273: 0 | G273: B1 | H273: Yes

Sheet Surface Objects
A1: Descriptions:
A2: - Unique Name: Name used as unique identification for each surface (Input as String, Max. 15 characters)
A3: - Edge 1: Line object 1 (at the start) of the surface object (Input as Integer)
A4: - Edge 2: Line object 2 of the surface object, determined by CW/CCW ordering (Input as Integer)
A5: - Edge 3: Line object 3 of the surface object, determined by CW/CCW ordering (Input as Integer)
A6: - Edge 4: Line object 4 of the surface object, determined by CW/CCW ordering (Input as Integer)
A7: - Section: Slab section used by each surface (Choose from the list)
A9: Unique Name | B9: Edge 1 | C9: Edge 2 | D9: Edge 3 | E9: Edge 4 | F9: Section
A10: 1 | B10: 101 | C10: 182 | D10: 105 | E10: 181 | F10: S1
A11: 2 | B11: 102 | C11: 183 | D11: 106 | E11: 182 | F11: S1
A12: 3 | B12: 103 | C12: 184 | D12: 107 | E12: 183 | F12: S1
A13: 4 | B13: 104 | C13: 185 | D13: 108 | E13: 184 | F13: S1
A14: 5 | B14: 105 | C14: 187 | D14: 109 | E14: 186 | F14: S1
A15: 6 | B15: 106 | C15: 188 | D15: 110 | E15: 187 | F15: S1
A16: 7 | B16: 107 | C16: 189 | D16: 111 | E16: 188 | F16: S1
A17: 8 | B17: 108 | C17: 190 | D17: 112 | E17: 189 | F17: S1
A18: 9 | B18: 109 | C18: 192 | D18: 113 | E18: 191 | F18: S1
A19: 10 | B19: 110 | C19: 193 | D19: 114 | E19: 192 | F19: S1
A20: 11 | B20: 111 | C20: 194 | D20: 115 | E20: 193 | F20: S1
A21: 12 | B21: 112 | C21: 195 | D21: 116 | E21: 194 | F21: S1
... A73: 64 | B73: 176 | C73: 260 | D73: 180 | E73: 259 | F73: S1

Sheet Restraints
A1: Descriptions:
A2: - Point: Point name where it will be restrained (Choose from the list)
A3: - UX: Restraint condition of translational DOF along global X-axis (Boolean, 0: Unrestrained, 1: Restrained)
A4: - UY: Restraint condition of translational DOF along global Y-axis (Boolean, 0: Unrestrained, 1: Restrained)
A5: - UZ: Restraint condition of translational DOF along global Z-axis (Boolean, 0: Unrestrained, 1: Restrained)
A6: - RX: Restraint condition of rotational DOF about global X-axis (Boolean, 0: Unrestrained, 1: Restrained)
A7: - RY: Restraint condition of rotational DOF about global Y-axis (Boolean, 0: Unrestrained, 1: Restrained)
A8: - RZ: Restraint condition of rotational DOF about global Z-axis (Boolean, 0: Unrestrained, 1: Restrained)
A10: Point | B10: UX | C10: UY | D10: UZ | E10: RX | F10: RY | G10: RZ
A11: 1 | B11: 1 | C11: 1 | D11: 1 | E11: 1 | F11: 1 | G11: 1
A12: 2 | B12: 1 | C12: 1 | D12: 1 | E12: 1 | F12: 1 | G12: 1
A13: 3 | B13: 1 | C13: 1 | D13: 1 | E13: 1 | F13: 1 | G13: 1
A14: 4 | B14: 1 | C14: 1 | D14: 1 | E14: 1 | F14: 1 | G14: 1
A15: 5 | B15: 1 | C15: 1 | D15: 1 | E15: 1 | F15: 1 | G15: 1
A16: 6 | B16: 1 | C16: 1 | D16: 1 | E16: 1 | F16: 1 | G16: 1
A17: 7 | B17: 1 | C17: 1 | D17: 1 | E17: 1 | F17: 1 | G17: 1
A18: 8 | B18: 1 | C18: 1 | D18: 1 | E18: 1 | F18: 1 | G18: 1
A19: 9 | B19: 1 | C19: 1 | D19: 1 | E19: 1 | F19: 1 | G19: 1
A20: 10 | B20: 1 | C20: 1 | D20: 1 | E20: 1 | F20: 1 | G20: 1
A21: 11 | B21: 1 | C21: 1 | D21: 1 | E21: 1 | F21: 1 | G21: 1
A22: 12 | B22: 1 | C22: 1 | D22: 1 | E22: 1 | F22: 1 | G22: 1
... A35: 25 | B35: 1 | C35: 1 | D35: 1 | E35: 1 | F35: 1 | G35: 1

Sheet Loads
A1: Load Name | B1: Load Case Type | C1: Load Type | D1: Magnitude | E1: Subjected Slabs/Elements/Nodes
A2: Dead Roof | B2: D | C2: Area Load | D2: 0.41 | E2: 49-64
A3: Live Roof | B3: Lr | C3: Area Load | D3: 0.58 | E3: 49-64
A4: Dead Floor | B4: D | C4: Area Load | D4: 1.11 | E4: 1-48
A5: Live Floor | B5: L | C5: Area Load | D5: 2.69 | E5: 1-48
A6: Parapet | B6: D | C6: Element Load | D6: 2.41 | E6: 1101-1104;1117-1120;1121;1125;1126;1130;1131;1135;1136;1140;2101-2104;2117-2120;2121;2125;2126;2130;2131;2135;2136;2140;3101-3104;3117-3120;3121;3125;3126;3130;3131;3135;3136;3140
A7: Cladding | B7: D | C7: Element Load | D7: 7.04 | E7: 4101-4104;4117-4120;4121;4125;4126;4130;4131;4135;4136;4140

Sheet Element Offset
A1: Base Section | B1: Element Type | C1: Offset Length (I) | D1: Offset Length (J)
A2: =IF('Frame Sections'!A17=0,"",'Frame Sections'!A17) -> C1 | B2: =IF(OR(A2=0,A2=""),"",VLOOKUP(A2,SecDB,5,FALSE)) -> Elastic | C2: 0 | D2: 0.6
A3: =IF('Frame Sections'!A18=0,"",'Frame Sections'!A18) -> B1 | B3: =IF(OR(A3=0,A3=""),"",VLOOKUP(A3,SecDB,5,FALSE)) -> Elastic | C3: 0 | D3: 0
A4: =IF('Frame Sections'!A19=0,"",'Frame Sections'!A19) | B4: =IF(OR(A4=0,A4=""),"",VLOOKUP(A4,SecDB,5,FALSE))
A5: =IF('Frame Sections'!A20=0,"",'Frame Sections'!A20) | B5: =IF(OR(A5=0,A5=""),"",VLOOKUP(A5,SecDB,5,FALSE))
A6: =IF('Frame Sections'!A21=0,"",'Frame Sections'!A21) | B6: =IF(OR(A6=0,A6=""),"",VLOOKUP(A6,SecDB,5,FALSE))
A7: =IF('Frame Sections'!A22=0,"",'Frame Sections'!A22) | B7: =IF(OR(A7=0,A7=""),"",VLOOKUP(A7,SecDB,5,FALSE))
A8: =IF('Frame Sections'!A23=0,"",'Frame Sections'!A23) | B8: =IF(OR(A8=0,A8=""),"",VLOOKUP(A8,SecDB,5,FALSE))
A9: =IF('Frame Sections'!A24=0,"",'Frame Sections'!A24) | B9: =IF(OR(A9=0,A9=""),"",VLOOKUP(A9,SecDB,5,FALSE))
A10: =IF('Frame Sections'!A25=0,"",'Frame Sections'!A25) | B10: =IF(OR(A10=0,A10=""),"",VLOOKUP(A10,SecDB,5,FALSE))
A11: =IF('Frame Sections'!A26=0,"",'Frame Sections'!A26) | B11: =IF(OR(A11=0,A11=""),"",VLOOKUP(A11,SecDB,5,FALSE))
A12: =IF('Frame Sections'!A27=0,"",'Frame Sections'!A27) | B12: =IF(OR(A12=0,A12=""),"",VLOOKUP(A12,SecDB,5,FALSE))
A13: =IF('Frame Sections'!A28=0,"",'Frame Sections'!A28) | B13: =IF(OR(A13=0,A13=""),"",VLOOKUP(A13,SecDB,5,FALSE))
A14: =IF('Frame Sections'!A29=0,"",'Frame Sections'!A29) | B14: =IF(OR(A14=0,A14=""),"",VLOOKUP(A14,SecDB,5,FALSE))
A15: =IF('Frame Sections'!A30=0,"",'Frame Sections'!A30) | B15: =IF(OR(A15=0,A15=""),"",VLOOKUP(A15,SecDB,5,FALSE))
... A1001: =IF('Frame Sections'!A1016=0,"",'Frame Sections'!A1016) | B1001: =IF(OR(A1001=0,A1001=""),"",VLOOKUP(A1001,SecDB,5,FALSE))
